1.511800e+01,3.578000e+01,3.043700e+01,-1.484445e+01
1.568000e+01,2.680100e+01,3.378500e+01,-1.878058e+01
2.322900e+01,3.476500e+01,3.516100e+01,-7.584489e+00
2.843100e+01,4.588100e+01,5.703000e+01,-4.691205e+00
3.958900e+01,5.115850e+01,5.263150e+01,-6.732348e+00
3.275750e+01,3.887550e+01,5.540850e+01,-5.338702e+00
4.870400e+01,4.147550e+01,5.029300e+01,-4.138737e+00
1.499400e+01,3.309700e+01,4.342050e+01,-6.231783e+00
3.007200e+01,3.898700e+01,4.592700e+01,-1.567530e+01
1.268550e+01,3.635850e+01,3.345000e+01,-1.772950e+01
1.109500e+01,2.829550e+01,4.260050e+01,-3.080702e-01
1.248750e+01,3.287750e+01,3.155200e+01,-6.491856e+00
1.607800e+01,3.540400e+01,3.843900e+01,-1.826623e+01
2.483350e+01,2.959750e+01,4.440800e+01,-1.234417e+01
2.414150e+01,3.246250e+01,3.577500e+01,-5.062748e+00
6.744750e+01,5.614100e+01,5.011300e+01,-1.318951e+00
4.206250e+01,4.197500e+01,5.286150e+01,-5.148884e+00
3.159500e+01,4.658000e+01,5.895050e+01,-2.193673e+01
5.425250e+01,5.348300e+01,4.848900e+01,-1.743594e+01
2.455450e+01,3.979350e+01,5.331750e+01,-5.719613e+00
1.592650e+01,3.570150e+01,3.749200e+01,-1.364573e+01
6.326000e+01,5.670400e+01,5.171700e+01,-5.329140e+00
2.909600e+01,4.201600e+01,6.177900e+01,-1.860470e+01
6.511100e+01,5.947950e+01,4.925900e+01,-1.425321e+01
5.376650e+01,5.401650e+01,4.931350e+01,-1.693628e+01
4.447000e+01,4.080100e+01,4.987100e+01,-4.779800e+00
2.429600e+01,3.811250e+01,5.512750e+01,-7.686177e+00
2.473200e+01,3.555450e+01,5.342800e+01,-3.558911e+00
8.659000e+00,3.313000e+01,2.302400e+01,-1.883489e+01
2.023700e+01,2.744650e+01,4.885750e+01,-1.561689e+01
2.595700e+01,4.402800e+01,4.476600e+01,-1.690999e+01
1.367000e+01,2.754600e+01,2.139900e+01,-1.626719e+01
4.537150e+01,4.512800e+01,4.765350e+01,-1.168921e+01
3.725400e+01,4.779650e+01,4.888300e+01,-1.680899e+01
2.766050e+01,4.438550e+01,5.680550e+01,-4.825071e+00
2.368750e+01,4.135450e+01,5.684400e+01,-6.824989e+00
1.072900e+01,3.162000e+01,2.827600e+01,-1.839234e+01
6.824350e+01,5.347950e+01,5.200500e+01,-1.484383e+01
3.315500e+01,4.512200e+01,4.829975e+01,-3.940007e+00
3.410675e+01,4.515800e+01,5.464825e+01,-1.179177e+01
7.455150e+01,5.333250e+01,5.322450e+01,-5.429140e+00
6.903925e+01,5.240500e+01,4.643025e+01,-3.359451e+00
7.372875e+01,5.206400e+01,5.021725e+01,4.066402e+00
2.370875e+01,2.835325e+01,4.278375e+01,-5.152022e+00
6.054700e+01,5.382350e+01,5.563700e+01,-2.254056e+00
3.028300e+01,4.845050e+01,5.484775e+01,-4.569611e+00
4.422163e+01,4.438062e+01,4.811675e+01,-5.270827e+00
3.364250e+01,3.939075e+01,5.513925e+01,-5.655651e-01
3.014400e+01,4.278275e+01,6.015675e+01,-1.386978e+01
5.455975e+01,5.306750e+01,5.127425e+01,-6.894531e+00
3.202750e+01,4.087750e+01,5.967650e+01,-6.280883e+00
4.766650e+01,4.019450e+01,5.177300e+01,-4.185307e+00
3.390150e+01,4.026900e+01,4.542800e+01,-6.721145e+00
1.519350e+01,2.860063e+01,2.306213e+01,-1.502897e+01
2.625700e+01,3.289850e+01,5.249100e+01,-7.040556e+00
7.391550e+01,5.473700e+01,5.205800e+01,1.391854e-01
1.824700e+01,2.897350e+01,4.337850e+01,-1.745949e+01
2.232850e+01,2.715450e+01,3.786950e+01,-7.395377e+00
1.349050e+01,2.998450e+01,3.293925e+01,-3.805778e+00
3.529100e+01,3.979600e+01,5.683200e+01,-3.823533e+00
2.359463e+01,3.892775e+01,5.525875e+01,-6.332075e+00
2.578600e+01,3.012150e+01,4.395300e+01,-1.589778e+01
2.705025e+01,4.401325e+01,4.711325e+01,-1.352367e+01
5.948225e+01,5.521125e+01,5.426288e+01,5.419835e-01
5.923350e+01,4.578050e+01,5.523250e+01,-3.456173e+00
5.012025e+01,4.280500e+01,4.936025e+01,-4.546476e+00
6.169850e+01,5.455750e+01,5.271600e+01,-1.636375e+01
6.463800e+01,5.241300e+01,4.837400e+01,-9.110202e+00
6.518750e+01,5.850300e+01,4.813500e+01,-1.655381e+01
2.811700e+01,4.492400e+01,5.361800e+01,-4.565144e+00
2.930562e+01,4.801675e+01,5.372575e+01,-4.374869e+00
3.248775e+01,4.310100e+01,4.727625e+01,-7.758118e+00
4.100600e+01,4.566350e+01,4.974600e+01,-8.653170e+00
2.562213e+01,3.672837e+01,4.556363e+01,-2.309156e+01
1.733500e+01,2.992425e+01,3.513375e+01,-6.591427e+00
2.499725e+01,3.354350e+01,5.229600e+01,-5.451910e+00
2.567700e+01,3.587500e+01,5.413200e+01,-2.103488e+00
5.951725e+01,4.595175e+01,5.324450e+01,-1.290340e+01
1.115000e+01,2.842150e+01,2.597500e+01,-5.977237e+00
2.484200e+01,3.184200e+01,4.189800e+01,-8.552045e+00
3.473400e+01,4.378300e+01,5.718300e+01,-5.426266e+00
2.458750e+01,2.906800e+01,4.526375e+01,-7.886958e+00
2.476275e+01,3.632400e+01,4.792050e+01,-5.826392e+00
3.774500e+01,4.425475e+01,4.731900e+01,-3.844743e+00
6.208700e+01,5.309800e+01,5.129950e+01,-1.739854e+01
2.106400e+01,3.233800e+01,4.462600e+01,2.234639e+00
4.089250e+01,5.109075e+01,5.292825e+01,-9.076047e+00
5.449675e+01,4.701375e+01,5.647225e+01,-4.111732e+00
5.932400e+01,4.866000e+01,5.644900e+01,-6.755444e+00
2.861050e+01,4.199350e+01,5.159100e+01,-1.631222e+01
2.287750e+01,2.877375e+01,4.102975e+01,-6.456832e+00
6.652300e+01,5.415500e+01,4.698200e+01,-4.117892e+00
8.905000e+00,3.455500e+01,2.592000e+01,-1.905794e+01
2.382800e+01,3.944100e+01,5.817900e+01,-7.170999e+00
2.901900e+01,4.301000e+01,5.516000e+01,-2.019943e+01
2.626900e+01,4.032975e+01,5.968625e+01,-6.806416e+00
2.380075e+01,2.781400e+01,3.946800e+01,-7.778527e+00
2.799200e+01,3.845300e+01,5.907950e+01,-3.530621e+00
1.841050e+01,2.578200e+01,3.365450e+01,-1.165791e+01
2.098000e+01,3.128500e+01,4.555750e+01,-4.600089e+00
6.588925e+01,5.352475e+01,4.628125e+01,-5.899207e+00
4.399875e+01,4.052125e+01,5.102175e+01,-4.657615e+00
4.459500e+01,4.375500e+01,5.306800e+01,-4.126905e+00
1.571350e+01,2.623475e+01,2.343775e+01,-2.375279e+01
1.621025e+01,2.872850e+01,2.469175e+01,-7.354258e+00
1.646975e+01,3.391100e+01,2.924600e+01,-9.403305e+00
4.005100e+01,4.571900e+01,5.219450e+01,-9.523485e+00
2.459925e+01,2.608563e+01,4.049825e+01,-1.506878e+01
1.621350e+01,3.594450e+01,3.059825e+01,-1.097583e+01
1.665925e+01,3.794175e+01,3.338600e+01,-5.538356e+00
1.345100e+01,2.777300e+01,2.925300e+01,-3.107099e+00
3.489200e+01,4.403825e+01,4.704775e+01,-5.960850e+00
1.199625e+01,3.237175e+01,4.230250e+01,-9.087178e+00
5.681850e+01,4.441950e+01,5.271250e+01,8.785189e-02
7.404825e+01,5.575925e+01,4.929800e+01,1.692735e+01
6.314075e+01,5.491125e+01,5.276100e+01,-5.573904e+00
3.995200e+01,4.280900e+01,4.895400e+01,-1.178033e+00
4.723450e+01,4.646650e+01,4.822800e+01,-9.962616e+00
1.542525e+01,3.011500e+01,3.369150e+01,-6.438012e+00
3.868925e+01,5.125125e+01,5.438250e+01,-6.703858e+00
3.542675e+01,4.486250e+01,4.744050e+01,-5.638430e+00
1.929550e+01,2.992400e+01,2.957750e+01,-6.522089e+00
6.515150e+01,5.467875e+01,5.483525e+01,2.232595e+00
2.996075e+01,4.929750e+01,5.188100e+01,-2.674344e+00
3.206700e+01,3.845600e+01,4.893700e+01,-5.334076e+00
5.774388e+01,4.482887e+01,5.541850e+01,-7.001148e+00
2.434400e+01,3.572950e+01,4.871400e+01,-5.654637e+00
1.386575e+01,3.714975e+01,3.241825e+01,-7.926011e+00
1.794700e+01,3.455500e+01,3.939700e+01,-1.598805e+01
5.751700e+01,5.448625e+01,5.313988e+01,-1.627528e+00
3.378350e+01,4.022300e+01,5.255000e+01,4.820818e-01
2.153800e+01,2.678850e+01,4.858350e+01,-2.194063e+01
4.912400e+01,4.141275e+01,5.402175e+01,-3.862837e+00
5.336150e+01,5.016900e+01,4.872950e+01,-1.219716e+01
1.648300e+01,2.760800e+01,3.052275e+01,-8.701065e+00
4.080775e+01,4.340325e+01,4.936775e+01,-5.073970e+00
4.285800e+01,5.073425e+01,5.015825e+01,-6.586506e+00
2.190700e+01,2.970575e+01,4.874100e+01,-1.452029e+01
4.854900e+01,4.390600e+01,4.849425e+01,-5.711145e+00
2.762075e+01,4.550000e+01,5.292000e+01,-5.039953e+00
2.367350e+01,2.815500e+01,4.894550e+01,-1.484896e+01
2.722900e+01,4.609550e+01,5.929700e+01,-1.988385e+01
5.860250e+01,4.438075e+01,5.386100e+01,1.535101e+00
1.713125e+01,3.061025e+01,2.834600e+01,-1.221588e+01
3.828900e+01,4.936700e+01,5.575375e+01,-6.569024e+00
2.556900e+01,4.334000e+01,4.608600e+01,-2.075928e+01
2.618200e+01,3.227900e+01,4.784200e+01,-1.019079e+01
2.471725e+01,3.208325e+01,3.491000e+01,4.615937e-01
2.501050e+01,2.491200e+01,4.106300e+01,-2.432171e+01
4.299225e+01,4.372900e+01,4.839325e+01,-4.900273e+00
6.943350e+01,5.550775e+01,4.859475e+01,-8.964024e+00
2.334250e+01,2.356625e+01,3.839800e+01,-1.705889e+01
2.427250e+01,2.358625e+01,4.110200e+01,-1.551134e+01
3.891500e+01,4.619500e+01,4.946275e+01,-1.180839e+01
5.078450e+01,5.111675e+01,5.048475e+01,-6.143391e+00
4.395675e+01,5.230350e+01,4.636850e+01,-2.060067e+01
4.791950e+01,4.521350e+01,4.741525e+01,-1.433871e+01
2.895600e+01,4.271400e+01,5.265325e+01,-1.063514e+01
2.754750e+01,3.385450e+01,5.423425e+01,-6.102911e+00
6.486725e+01,5.348800e+01,4.841675e+01,-6.334369e+00
1.841125e+01,3.202100e+01,4.111050e+01,-2.510964e+01
5.199175e+01,4.704975e+01,5.085100e+01,-1.208936e+01
4.223750e+01,5.330075e+01,4.783075e+01,-1.889965e+01
2.399100e+01,3.610700e+01,5.152775e+01,-4.920428e+00
3.392350e+01,4.417850e+01,5.440125e+01,-1.352532e+01
1.086400e+01,3.291000e+01,2.740500e+01,-1.439752e+01
4.389700e+01,5.317100e+01,4.712000e+01,-1.917540e+01
2.125225e+01,3.039500e+01,4.113125e+01,-1.171644e+01
5.415000e+01,5.112250e+01,4.725100e+01,-1.762286e+01
2.275000e+01,2.416250e+01,3.750100e+01,-1.640185e+01
5.190500e+01,4.379000e+01,5.069500e+01,-4.887843e+00
5.132275e+01,5.316525e+01,4.936275e+01,-1.820275e+01
7.353000e+01,5.326850e+01,4.696800e+01,6.541535e+00
4.335425e+01,4.037850e+01,5.183400e+01,-4.734629e+00
1.813050e+01,2.833400e+01,2.978150e+01,-1.011856e+01
2.369750e+01,3.524150e+01,4.159725e+01,-8.116690e+00
2.362250e+01,2.665300e+01,4.911700e+01,-1.841865e+01
4.506950e+01,4.170000e+01,4.990600e+01,-4.745082e+00
3.631900e+01,5.045600e+01,5.173150e+01,-7.915801e+00
6.319650e+01,5.916425e+01,4.875950e+01,-1.805027e+01
3.018400e+01,4.123800e+01,4.545850e+01,-1.119955e+01
3.404950e+01,4.913600e+01,4.979325e+01,-4.707103e-02
6.230100e+01,4.976300e+01,5.512100e+01,-6.127040e-02
2.079800e+01,2.833000e+01,4.962100e+01,-1.932228e+01
2.482650e+01,2.916550e+01,4.627300e+01,-7.670378e+00
3.482000e+01,4.318650e+01,5.377150e+01,-6.184971e+00
3.413375e+01,4.009975e+01,5.129600e+01,-2.347530e+00
2.310150e+01,2.355325e+01,4.094700e+01,-1.846733e+01
3.989750e+01,4.666600e+01,5.381500e+01,-6.031055e+00
2.643375e+01,3.416600e+01,5.458650e+01,-1.514158e+00
6.395300e+01,5.950250e+01,5.122350e+01,-1.843393e+01
1.466000e+01,3.760275e+01,3.183675e+01,-6.394566e+00
2.862125e+01,4.210600e+01,5.000150e+01,-7.819778e+00
2.774113e+01,3.113212e+01,4.704025e+01,-6.033496e+00
4.324500e+01,4.634525e+01,4.783425e+01,-5.544836e-01
2.101475e+01,3.300000e+01,4.379600e+01,-4.446075e+00
1.245900e+01,3.050600e+01,3.286850e+01,-4.631672e+00
4.879975e+01,4.003350e+01,5.231775e+01,-4.046206e+00
4.158950e+01,4.375025e+01,5.373000e+01,-5.524932e+00
3.024950e+01,3.141550e+01,4.813950e+01,-6.183916e+00
3.701650e+01,4.729575e+01,4.800600e+01,-1.396985e+01
4.155600e+01,5.078425e+01,5.194750e+01,-3.969869e+00
1.264750e+01,2.940875e+01,3.285400e+01,-5.547725e+00
8.297000e+00,3.236650e+01,2.623750e+01,-1.632473e+01
5.251650e+01,4.936775e+01,5.576700e+01,-1.987094e+01
4.976625e+01,4.396775e+01,5.325625e+01,-3.413583e+00
7.481600e+01,5.196950e+01,5.400400e+01,3.669390e+00
1.493700e+01,2.839500e+01,3.208550e+01,-7.031173e+00
2.321050e+01,3.255425e+01,3.153400e+01,-7.240810e+00
2.884300e+01,3.921800e+01,4.578400e+01,-8.506782e+00
2.896475e+01,3.428850e+01,5.021300e+01,-1.023345e+01
5.826275e+01,5.619050e+01,5.568950e+01,-3.493773e+00
7.006975e+01,5.523375e+01,4.724050e+01,-1.309672e+01
1.871700e+01,3.307900e+01,4.028675e+01,-1.535347e+01
2.276400e+01,2.517975e+01,3.743050e+01,-1.822985e+01
3.412000e+01,4.625775e+01,4.695175e+01,-6.043111e+00
4.419275e+01,4.966000e+01,4.979200e+01,-6.797267e+00
2.480850e+01,3.484300e+01,5.016350e+01,-6.558285e+00
7.519250e+01,5.248775e+01,5.269450e+01,-7.870562e+00
3.047225e+01,4.766475e+01,5.684525e+01,-1.079714e+01
6.494025e+01,5.113775e+01,5.129200e+01,-1.673450e+01
4.236250e+01,5.183900e+01,5.404600e+01,-1.681555e+01
5.669200e+01,4.562700e+01,5.264700e+01,-8.114424e+00
5.882050e+01,4.514100e+01,5.305675e+01,-1.824309e+00
7.016350e+01,5.209850e+01,4.752750e+01,-2.150188e+00
7.394075e+01,5.298900e+01,4.786900e+01,2.144995e+01
4.180875e+01,4.276175e+01,5.356775e+01,-5.230068e+00
3.195425e+01,4.882225e+01,5.711625e+01,-1.708236e+01
3.662150e+01,4.513800e+01,5.357450e+01,-4.149952e+00
1.100175e+01,3.079450e+01,3.028425e+01,-6.347614e+00
2.396300e+01,2.587575e+01,3.850350e+01,-1.566807e+01
1.413000e+01,3.075075e+01,4.520175e+01,-5.529765e+00
7.287750e+01,5.146750e+01,5.027800e+01,2.022655e+00
3.583550e+01,4.857900e+01,5.549300e+01,-1.851744e+01
4.183800e+01,4.118075e+01,5.001425e+01,-5.467510e+00
2.830850e+01,4.096450e+01,5.108850e+01,-1.331051e+01
4.128750e+01,4.994275e+01,4.516700e+01,-1.461234e+01
5.601675e+01,4.482750e+01,5.315775e+01,-2.605411e+00
1.727000e+01,2.923000e+01,3.603150e+01,-6.071726e+00
4.236250e+01,5.137300e+01,5.552150e+01,-1.724644e+01
4.334550e+01,5.319075e+01,4.797975e+01,-1.671960e+01
3.475050e+01,4.046550e+01,5.245650e+01,-4.031532e+00
5.486350e+01,4.780575e+01,5.255600e+01,-6.331320e+00
2.584100e+01,4.161700e+01,5.406800e+01,-4.376987e+00
2.146500e+01,3.067975e+01,4.710725e+01,-7.932526e+00
6.137750e+01,5.310675e+01,5.508675e+01,-2.477811e+00
3.844100e+01,5.086200e+01,5.236550e+01,-7.145169e+00
3.534300e+01,4.299400e+01,5.741450e+01,-4.569531e+00
7.084100e+01,5.381000e+01,5.278300e+01,-7.241059e-01
4.101325e+01,4.699500e+01,5.385550e+01,-1.031040e+01
5.231800e+01,5.368750e+01,4.782100e+01,-1.708775e+01
1.409325e+01,3.428450e+01,3.854900e+01,-9.521570e+00
6.508000e+01,5.112950e+01,4.484300e+01,-1.925121e+01
1.574500e+01,2.717200e+01,3.282750e+01,-9.962789e+00
6.737100e+01,5.679425e+01,4.929350e+01,-2.426678e+00
1.978625e+01,3.113875e+01,3.955350e+01,-1.069639e+01
6.111000e+01,4.926250e+01,5.088825e+01,-5.247601e+00
2.470300e+01,3.549000e+01,4.204625e+01,-6.295825e+00
6.289875e+01,5.853350e+01,5.073925e+01,-1.938817e+01
5.847475e+01,5.216675e+01,5.295675e+01,-2.378319e+00
3.468675e+01,4.003300e+01,5.880650e+01,-4.439341e+00
2.216100e+01,3.151350e+01,4.643950e+01,-5.485961e+00
3.013600e+01,3.998650e+01,4.535750e+01,-1.363211e+01
7.151000e+01,5.551900e+01,5.098100e+01,1.930988e+00
4.392475e+01,5.130100e+01,4.614875e+01,-1.343448e+01
1.052725e+01,2.862875e+01,4.339050e+01,-2.821643e+00
1.077150e+01,3.396250e+01,2.720100e+01,-1.014676e+01
2.636650e+01,3.540850e+01,4.418700e+01,-2.956925e+00
3.895600e+01,4.501500e+01,5.165750e+01,-5.827246e+00
3.187025e+01,3.494450e+01,5.141825e+01,-2.177131e+01
3.215050e+01,4.416800e+01,5.883950e+01,-5.672219e+00
5.013775e+01,4.484425e+01,4.887100e+01,-5.959683e+00
2.460200e+01,3.749950e+01,5.761950e+01,-1.375527e+01
2.332950e+01,2.776825e+01,4.354075e+01,-1.655335e+00
3.039025e+01,5.128350e+01,5.301825e+01,-3.906356e+00
1.672950e+01,2.665400e+01,3.168300e+01,-7.956622e+00
2.895800e+01,4.529000e+01,6.076850e+01,-2.139320e+01
3.268700e+01,4.552350e+01,5.663800e+01,-1.332070e+01
1.079750e+01,3.368025e+01,2.247575e+01,-1.542251e+01
6.861775e+01,5.511750e+01,4.780200e+01,-3.736425e+00
4.507100e+01,4.771850e+01,5.210100e+01,-1.425482e+01
5.370300e+01,4.699850e+01,5.417450e+01,-5.862087e+00
9.991750e+00,3.159125e+01,2.722975e+01,-2.061682e+01
9.211750e+00,3.227325e+01,2.673350e+01,-1.827159e+01
5.094100e+01,5.022600e+01,4.994200e+01,-6.466231e+00
6.413275e+01,5.074625e+01,4.513100e+01,-1.738139e+01
3.869800e+01,4.635975e+01,5.374250e+01,-2.323600e+00
2.510700e+01,3.461600e+01,5.414625e+01,-1.193398e+00
6.405600e+01,5.993700e+01,4.916950e+01,-1.893860e+01
2.427300e+01,3.378500e+01,4.717500e+01,-1.662930e+01
1.724500e+01,3.286350e+01,4.104050e+01,-1.235568e+01
2.993100e+01,4.682875e+01,5.992750e+01,-1.949047e+01
3.210000e+01,5.172325e+01,5.010850e+01,-4.660402e+00
2.806250e+01,4.686725e+01,5.953750e+01,-2.301085e+01
1.985525e+01,2.991525e+01,3.367950e+01,-6.400188e+00
3.482800e+01,4.100000e+01,4.590050e+01,-6.229059e+00
6.519575e+01,5.278200e+01,5.523275e+01,-1.994523e+00
3.898225e+01,5.163750e+01,5.339200e+01,-6.358829e+00
2.735000e+01,4.519200e+01,5.888200e+01,-1.961669e+01
7.142800e+01,5.576900e+01,4.907400e+01,-1.751408e+00
2.408325e+01,3.723375e+01,4.873575e+01,-5.838512e+00
2.051750e+01,2.921600e+01,4.911950e+01,-1.817658e+01
7.030800e+01,5.593000e+01,4.892200e+01,-8.457981e+00
2.010475e+01,3.622325e+01,2.934600e+01,-4.238070e+00
3.769300e+01,4.610750e+01,4.808600e+01,-1.320044e+01
1.243150e+01,3.651650e+01,2.452650e+01,-5.776132e+00
9.220500e+00,3.470500e+01,2.489900e+01,-1.397012e+01
1.366400e+01,2.912650e+01,2.233650e+01,-2.085966e+01
1.320625e+01,2.595000e+01,2.305825e+01,-1.608884e+01
5.272600e+01,4.743600e+01,5.411325e+01,-8.500385e+00
2.215750e+01,2.364950e+01,3.826825e+01,-1.878284e+01
5.033525e+01,4.825875e+01,4.963800e+01,-1.783652e+01
5.262650e+01,5.051200e+01,5.535350e+01,-1.484513e+01
1.976700e+01,2.963225e+01,4.495950e+01,-7.948407e+00
1.457100e+01,3.193675e+01,2.547175e+01,-3.189770e+00
3.813000e+01,3.912950e+01,5.102900e+01,-4.053844e+00
3.331700e+01,4.625000e+01,4.766000e+01,-4.509200e+00
1.086550e+01,3.190150e+01,4.021450e+01,-4.792056e+00
5.141500e+01,5.119600e+01,4.950225e+01,-8.563582e+00
1.968700e+01,3.275650e+01,2.855200e+01,-7.886339e+00
2.236050e+01,3.527975e+01,4.337350e+01,-1.865737e+00
1.377075e+01,2.885800e+01,3.229025e+01,-5.456996e+00
2.296600e+01,2.753050e+01,4.938350e+01,-1.723816e+01
3.195925e+01,4.355725e+01,4.825275e+01,-1.594390e+01
3.085775e+01,3.835750e+01,5.835600e+01,-7.079054e+00
4.190725e+01,4.728325e+01,4.785025e+01,-2.928255e+00
4.037450e+01,5.052000e+01,5.076000e+01,-5.558358e+00
4.887850e+01,4.054975e+01,5.317725e+01,-3.907977e+00
5.935625e+01,5.291500e+01,5.213550e+01,-5.073246e+00
7.068800e+01,5.597000e+01,4.798125e+01,-1.213819e+01
2.291225e+01,2.789575e+01,3.835075e+01,-6.968103e+00
3.098650e+01,3.784475e+01,4.730750e+01,-1.861124e+01
3.400950e+01,3.932825e+01,4.576800e+01,-6.305275e+00
3.438400e+01,5.137600e+01,5.102350e+01,-3.053013e+00
1.532450e+01,3.339650e+01,2.919525e+01,-1.114189e+01
9.689250e+00,3.377125e+01,2.240325e+01,-1.801983e+01
2.060450e+01,2.722050e+01,4.765200e+01,-1.933474e+01
8.577500e+00,3.332400e+01,2.687700e+01,-2.052358e+01
5.212975e+01,5.087550e+01,5.428975e+01,-6.010095e+00
5.549900e+01,4.994300e+01,5.741200e+01,-7.376706e+00
2.774100e+01,3.697750e+01,5.775625e+01,-1.666550e+01
2.869800e+01,4.513025e+01,4.563175e+01,-2.238347e+01
1.050300e+01,3.465000e+01,2.307300e+01,-1.300302e+01
2.826125e+01,4.178700e+01,4.468950e+01,-1.055425e+01
1.510875e+01,3.310225e+01,3.447100e+01,-9.641137e+00
2.319475e+01,3.977025e+01,5.629875e+01,-4.478720e+00
2.798425e+01,4.202475e+01,4.917800e+01,-6.687460e+00
3.154525e+01,5.212950e+01,5.280350e+01,-2.816389e+00
2.999825e+01,4.778675e+01,5.875150e+01,-1.907544e+01
4.025000e+01,4.666700e+01,4.931675e+01,-2.149978e+01
1.878300e+01,3.627400e+01,3.293950e+01,-2.440574e+00
1.951950e+01,2.613100e+01,3.419600e+01,-2.185271e+01
3.675675e+01,4.620900e+01,4.760250e+01,-1.421380e+01
6.477225e+01,4.973925e+01,4.698150e+01,-1.557503e+01
1.407175e+01,2.521075e+01,2.305500e+01,-2.019180e+01
2.520825e+01,3.742925e+01,5.666850e+01,-1.324403e+01
2.026550e+01,3.701800e+01,3.196000e+01,-2.916956e+00
1.294075e+01,3.730075e+01,3.421725e+01,-1.704874e+01
1.569850e+01,3.507250e+01,2.967275e+01,-1.969475e+01
1.328675e+01,2.998125e+01,4.485175e+01,-5.335463e+00
5.898350e+01,5.245100e+01,5.770650e+01,-1.470401e+00
3.991775e+01,5.061225e+01,4.970900e+01,-6.948556e+00
3.092800e+01,4.862350e+01,5.689150e+01,-1.306391e+01
1.171525e+01,2.906875e+01,4.447975e+01,-1.534527e+01
5.477050e+01,4.612825e+01,5.544350e+01,-3.256210e+00
2.886000e+01,4.506900e+01,4.461725e+01,-2.067950e+01
6.631000e+01,4.920100e+01,4.523575e+01,-1.857514e+01
5.156875e+01,4.378725e+01,5.198650e+01,-4.221842e+00
2.155175e+01,3.220550e+01,4.572425e+01,1.865221e-01
1.541150e+01,2.974800e+01,2.596950e+01,-7.664078e+00
2.463225e+01,3.434900e+01,4.815800e+01,-8.603866e+00
2.559700e+01,3.737450e+01,4.676300e+01,-1.466745e+01
4.190375e+01,5.062750e+01,5.073300e+01,-3.766448e+00
4.138925e+01,4.871425e+01,5.622600e+01,-2.366141e+01
3.127950e+01,3.762750e+01,5.688800e+01,-1.641975e+01
1.152000e+01,3.480825e+01,2.700850e+01,-7.955351e+00
4.444375e+01,4.243900e+01,5.272900e+01,-4.312007e+00
4.434775e+01,4.213025e+01,4.890925e+01,-5.040305e+00
2.450825e+01,3.574700e+01,5.237675e+01,-3.587295e+00
1.995700e+01,2.558200e+01,3.937000e+01,-7.133875e+00
5.248875e+01,5.216575e+01,5.261700e+01,-5.503868e+00
3.537450e+01,4.029825e+01,5.810100e+01,-3.839425e+00
2.378200e+01,3.140100e+01,3.530450e+01,1.110088e+00
5.352850e+01,5.057200e+01,5.598300e+01,-1.308841e+01
7.164475e+01,5.530675e+01,4.745225e+01,-5.237509e+00
2.793700e+01,3.380825e+01,5.303425e+01,-6.742411e+00
1.618787e+01,2.882937e+01,2.768775e+01,-1.126707e+01
1.814912e+01,3.546075e+01,3.553000e+01,-7.949028e-01
2.189769e+01,3.651669e+01,3.311362e+01,-4.652817e+00
2.697575e+01,4.089900e+01,5.332650e+01,-4.820579e+00
4.720350e+01,4.113963e+01,5.108025e+01,-4.044052e+00
6.219400e+01,5.423800e+01,5.366200e+01,-1.231454e+01
1.444600e+01,3.328262e+01,3.761713e+01,-6.440015e+00
1.655100e+01,2.643800e+01,3.304100e+01,-1.762665e+01
2.843725e+01,3.769000e+01,5.842025e+01,-8.746245e+00
2.749356e+01,3.791988e+01,5.810487e+01,-6.114639e+00
3.474756e+01,4.308500e+01,5.845038e+01,-1.171943e+00
2.434725e+01,2.657600e+01,3.944700e+01,-1.041874e+01
6.633681e+01,5.371206e+01,5.369706e+01,2.286122e+00
4.634075e+01,4.701400e+01,5.040863e+01,-4.676884e+00
4.247863e+01,5.147800e+01,4.937663e+01,-9.299118e+00
3.129425e+01,4.119362e+01,6.050638e+01,-2.041930e+01
4.982937e+01,4.201112e+01,5.003925e+01,-4.085809e+00
6.782438e+01,4.993400e+01,4.690900e+01,-1.207412e+01
2.180788e+01,3.140463e+01,3.423938e+01,-6.200047e+00
4.516900e+01,4.756500e+01,4.969100e+01,-3.092452e+00
4.813550e+01,4.607600e+01,4.844250e+01,-7.892514e+00
2.688762e+01,4.015963e+01,4.842212e+01,-1.826722e+00
5.899800e+01,4.773700e+01,5.670950e+01,-3.943326e+00
4.992900e+01,5.035600e+01,5.336750e+01,-1.277400e+00
1.183150e+01,3.064500e+01,3.933750e+01,-4.972163e+00
3.998625e+01,5.031550e+01,5.587350e+01,-1.004202e+01
5.715375e+01,4.824275e+01,5.728187e+01,-2.905661e+00
4.421825e+01,5.044175e+01,4.672875e+01,-1.073751e+01
2.875925e+01,3.338513e+01,4.422475e+01,-1.633125e+00
6.057000e+01,4.737800e+01,5.394650e+01,-6.533276e+00
3.908406e+01,4.846412e+01,5.551363e+01,-7.611373e+00
2.350450e+01,2.694125e+01,3.845800e+01,-9.475479e+00
3.102956e+01,5.149656e+01,5.205163e+01,-2.581414e+00
6.602250e+01,5.856363e+01,4.923488e+01,-7.792253e+00
1.634425e+01,2.758275e+01,3.586950e+01,-1.295536e+01
4.765100e+01,4.181200e+01,5.418475e+01,-3.940550e+00
2.364600e+01,3.991950e+01,5.505550e+01,-2.425403e+00
4.306250e+01,4.257675e+01,5.311425e+01,-4.843377e+00
2.928825e+01,4.425825e+01,4.665425e+01,-1.865301e+01
2.646794e+01,3.943919e+01,4.737325e+01,-5.533629e+00
6.556850e+01,5.374925e+01,5.484850e+01,1.868714e+00
7.202350e+01,5.383875e+01,5.310113e+01,2.098422e+00
5.747062e+01,4.763112e+01,5.296400e+01,-5.862991e+00
1.548963e+01,3.129200e+01,3.704925e+01,1.183767e+00
4.257800e+01,4.972250e+01,5.300737e+01,-7.557109e+00
3.434100e+01,5.096100e+01,5.430200e+01,-8.305267e-01
4.976262e+01,4.884587e+01,5.123275e+01,-5.191932e+00
6.152175e+01,5.400112e+01,5.444987e+01,-4.197525e+00
2.437850e+01,2.544250e+01,4.176100e+01,-1.613379e+01
2.353300e+01,3.588250e+01,4.242862e+01,-6.769537e+00
2.923013e+01,4.213475e+01,4.487212e+01,-1.363141e+01
1.969750e+01,3.019550e+01,4.394575e+01,-1.388781e+01
1.247550e+01,2.853862e+01,2.895050e+01,2.051317e+00
2.041625e+01,2.936375e+01,3.896175e+01,-1.765121e+00
2.651250e+01,3.135437e+01,4.520475e+01,-5.931579e+00
6.443450e+01,5.505650e+01,5.420550e+01,1.324349e+00
3.223650e+01,4.511350e+01,4.966300e+01,-1.525977e+01
2.083675e+01,3.545763e+01,3.541362e+01,-4.167226e+00
2.239538e+01,3.406950e+01,4.506550e+01,-4.600837e+00
4.903450e+01,4.816950e+01,5.036200e+01,-9.620509e+00
3.562662e+01,4.645400e+01,5.460537e+01,-1.130402e+01
5.432350e+01,5.013000e+01,4.919150e+01,-1.163778e+01
3.855000e+01,4.404800e+01,4.845200e+01,-4.330387e+00
5.469575e+01,4.656425e+01,5.327550e+01,-5.222799e+00
2.610287e+01,3.850662e+01,5.080463e+01,-4.694214e+00
1.615563e+01,2.935725e+01,3.381800e+01,-7.554292e+00
3.804587e+01,4.705825e+01,4.881137e+01,-1.466755e+01
6.156775e+01,4.852363e+01,5.222463e+01,-4.598407e+00
2.243650e+01,3.509750e+01,4.218888e+01,-1.192966e+01
4.388975e+01,4.813975e+01,4.735500e+01,-5.177300e+00
2.963687e+01,4.242225e+01,6.100563e+01,-2.364441e+01
3.662700e+01,4.981063e+01,5.267912e+01,-7.056867e+00
4.181150e+01,5.187163e+01,4.868412e+01,-1.178512e+01
3.222050e+01,5.030875e+01,5.548850e+01,-1.941329e-01
3.412937e+01,4.221625e+01,4.633637e+01,-5.331252e+00
7.371156e+01,5.251675e+01,4.875369e+01,1.617358e+01
1.827988e+01,2.748725e+01,3.918937e+01,-6.234849e+00
1.546875e+01,2.872287e+01,4.026625e+01,-1.536872e+00
4.666687e+01,4.678462e+01,5.172250e+01,-1.279165e-01
5.556150e+01,5.238225e+01,5.519550e+01,-5.015815e+00
1.549950e+01,2.721200e+01,3.480300e+01,-1.846334e+01
3.068463e+01,3.482988e+01,5.138181e+01,-1.605402e+01
3.109000e+01,3.488950e+01,5.407950e+01,-1.897963e+01
4.690000e+01,4.444250e+01,4.707100e+01,-1.496935e+01
3.569062e+01,4.077188e+01,5.699300e+01,-4.106461e+00
2.403700e+01,2.873313e+01,4.795312e+01,-1.572215e+01
4.296250e+01,5.208225e+01,4.871750e+01,-1.976766e+01
2.427250e+01,2.425300e+01,4.187700e+01,-1.703003e+01
1.195450e+01,2.900600e+01,4.162250e+01,-4.807276e+00
1.178400e+01,3.175975e+01,3.075700e+01,-5.789613e+00
4.147950e+01,5.136575e+01,4.996325e+01,-6.522176e+00
2.291500e+01,3.331300e+01,3.652100e+01,-6.645302e+00
4.279700e+01,4.842488e+01,5.468650e+01,-3.568256e+01
6.792625e+01,5.446750e+01,5.174925e+01,-4.068707e+00
6.567750e+01,4.943900e+01,4.746850e+01,-1.211211e+01
3.991775e+01,4.291587e+01,5.128075e+01,-6.220049e+00
1.426600e+01,3.484838e+01,3.586988e+01,-1.254407e+01
1.906350e+01,3.552875e+01,3.362038e+01,-4.458891e-01
2.085787e+01,3.082337e+01,3.092200e+01,-3.905681e+00
4.236288e+01,4.069550e+01,5.189450e+01,-5.026689e+00
1.544500e+01,3.059550e+01,2.534200e+01,-6.367370e+00
3.306431e+01,3.821700e+01,4.883275e+01,-6.353761e+00
3.454100e+01,5.011450e+01,5.006700e+01,-6.801214e-01
7.312650e+01,5.122750e+01,5.180350e+01,-1.175965e+00
3.038375e+01,3.779425e+01,5.739275e+01,-1.108631e+01
4.068975e+01,5.039238e+01,4.747100e+01,-1.683662e+01
3.663700e+01,3.844475e+01,4.910075e+01,-5.309128e+00
2.233050e+01,3.067900e+01,4.817050e+01,-7.999236e+00
3.316900e+01,5.218950e+01,5.230800e+01,-3.381566e+00
6.554325e+01,5.900050e+01,5.021925e+01,-1.541280e+01
4.984162e+01,4.204725e+01,5.358888e+01,-3.821930e+00
5.622300e+01,4.414250e+01,5.388600e+01,-1.356884e+00
3.196375e+01,3.882350e+01,5.436688e+01,-4.463098e+00
2.099850e+01,3.698763e+01,3.276825e+01,-3.344093e+00
1.771850e+01,2.868200e+01,3.730750e+01,-5.391417e+00
1.218388e+01,3.316012e+01,2.758513e+01,-9.658330e+00
2.297638e+01,3.115087e+01,3.185775e+01,-4.337656e+00
3.053113e+01,4.403450e+01,5.012700e+01,-1.278200e+01
5.497100e+01,5.293775e+01,4.901925e+01,-1.490048e+01
3.863462e+01,5.050275e+01,5.517800e+01,-7.161870e+00
5.925275e+01,4.695175e+01,5.553850e+01,-7.234018e+00
1.780750e+01,2.963600e+01,2.862150e+01,-1.439129e+01
1.366662e+01,2.987588e+01,4.072800e+01,-9.248001e+00
2.054800e+01,3.376625e+01,2.830200e+01,-5.070185e+00
7.447150e+01,5.114275e+01,5.354250e+01,2.120402e+00
4.044400e+01,4.151262e+01,5.061900e+01,-7.233357e+00
2.640200e+01,3.815925e+01,4.694775e+01,-9.840753e+00
1.418200e+01,3.325650e+01,3.373550e+01,-7.856161e+00
2.794100e+01,3.608300e+01,4.515100e+01,-1.024701e+01
2.280750e+01,2.626250e+01,3.804700e+01,-1.409436e+01
4.373475e+01,4.785175e+01,5.272925e+01,-1.639949e+01
7.167800e+01,5.166750e+01,4.866612e+01,4.122863e+00
6.474275e+01,5.148250e+01,4.993825e+01,-1.210209e+01
6.423550e+01,5.223675e+01,4.731300e+01,-1.911919e+01
1.264700e+01,2.872250e+01,4.287900e+01,-9.954201e+00
2.293600e+01,2.784525e+01,4.511825e+01,-7.162652e+00
1.346925e+01,3.166613e+01,4.482088e+01,-5.262714e+00
1.865325e+01,2.772625e+01,3.057275e+01,-6.879104e+00
2.915250e+01,4.065400e+01,4.487275e+01,-8.691554e+00
1.730425e+01,2.730150e+01,3.595200e+01,-1.563198e+01
1.265537e+01,2.709013e+01,2.236212e+01,-1.686071e+01
1.401500e+01,3.301775e+01,2.936775e+01,-1.243014e+01
5.469425e+01,4.998825e+01,5.048475e+01,-4.067564e+00
6.297950e+01,5.676050e+01,5.011962e+01,-1.069336e+01
3.189837e+01,3.853200e+01,4.783538e+01,-6.154493e+00
5.148050e+01,5.251250e+01,4.860700e+01,-2.065691e+01
1.752613e+01,3.147263e+01,4.171438e+01,-1.719088e+01
2.868900e+01,3.894000e+01,5.989050e+01,-7.677127e+00
7.487700e+01,5.493300e+01,4.904450e+01,1.833820e+01
1.936075e+01,3.552563e+01,3.794962e+01,-8.385928e+00
1.080438e+01,3.198062e+01,2.340625e+01,-1.704241e+01
4.099900e+01,4.819300e+01,4.736775e+01,-6.793336e+00
5.039275e+01,4.283487e+01,5.293025e+01,-3.693769e+00
7.016737e+01,5.411688e+01,5.179362e+01,-3.455393e-01
1.151575e+01,2.843275e+01,4.368350e+01,-1.218007e+01
6.434225e+01,5.381350e+01,5.554212e+01,-1.852058e+00
6.723925e+01,5.459262e+01,4.759575e+01,-2.525360e+00
3.138525e+01,4.977137e+01,5.618438e+01,-1.460930e+01
2.691175e+01,4.329575e+01,4.819338e+01,-7.513581e+00
1.865387e+01,3.514875e+01,3.648163e+01,-4.665495e+00
7.125125e+01,5.534000e+01,5.002650e+01,6.076250e+00
4.742175e+01,4.471275e+01,5.343600e+01,-2.154010e+00
2.916375e+01,3.467875e+01,5.116300e+01,-1.189317e+01
3.298325e+01,4.042800e+01,5.933438e+01,-5.034869e+00
2.992600e+01,3.492725e+01,5.055687e+01,-1.236484e+01
2.381675e+01,2.639800e+01,4.166225e+01,-1.142269e+01
3.463100e+01,3.847500e+01,5.020250e+01,-4.258717e+00
4.221088e+01,4.650262e+01,5.348262e+01,-8.528059e+00
1.064637e+01,3.543887e+01,2.552788e+01,-8.630886e+00
6.037363e+01,4.847150e+01,5.163863e+01,-5.062552e+00
3.056138e+01,4.201950e+01,4.595763e+01,-9.706323e+00
3.305812e+01,3.967625e+01,5.160325e+01,-1.927988e-01
4.617700e+01,4.150450e+01,5.109400e+01,-4.176650e+00
1.531850e+01,3.445175e+01,4.089500e+01,-6.321972e+00
2.458675e+01,3.320675e+01,3.485337e+01,-1.159935e+01
2.782950e+01,3.894862e+01,4.598700e+01,-6.860800e+00
1.478688e+01,2.992200e+01,4.315600e+01,-8.706468e+00
3.033300e+01,3.866800e+01,5.963200e+01,-6.997967e+00
2.015781e+01,3.099244e+01,3.665287e+01,-4.533758e+00
3.520200e+01,4.005813e+01,5.127150e+01,-4.734321e+00
3.448250e+01,4.805738e+01,4.944625e+01,-3.888564e+00
1.202825e+01,2.947375e+01,2.912500e+01,-1.466545e+00
2.834950e+01,4.642850e+01,5.061250e+01,-5.859752e+00
3.584137e+01,4.342250e+01,5.214800e+01,-2.949805e+00
6.267600e+01,5.110100e+01,5.203300e+01,-5.070485e+00
2.498875e+01,3.745950e+01,4.774150e+01,-6.409219e+00
3.376500e+01,4.772700e+01,5.563625e+01,-9.310685e+00
4.070775e+01,4.218337e+01,4.965250e+01,-6.569953e+00
2.470312e+01,3.011437e+01,4.544288e+01,-8.796010e+00
1.337312e+01,3.596275e+01,2.440475e+01,-5.860000e+00
4.223262e+01,5.099237e+01,5.311275e+01,-1.489986e+01
2.351675e+01,3.172275e+01,4.207775e+01,-7.917557e+00
3.300450e+01,3.951850e+01,5.323787e+01,1.914130e+00
1.492875e+01,2.649225e+01,2.581000e+01,-9.694640e+00
6.907631e+01,5.260769e+01,5.192663e+01,-9.885864e+00
2.193625e+01,2.873087e+01,4.945025e+01,-1.459570e+01
2.315350e+01,2.417700e+01,4.190600e+01,-1.667147e+01
3.271113e+01,3.903650e+01,4.661038e+01,-9.927316e+00
1.869300e+01,3.174387e+01,2.784750e+01,-1.769559e+01
6.929013e+01,5.491875e+01,4.966950e+01,-1.522024e+00
8.231625e+00,3.405588e+01,2.520975e+01,-1.866324e+01
6.131575e+01,4.935925e+01,5.508763e+01,-4.980446e+00
3.935200e+01,4.087050e+01,5.024150e+01,-1.090283e+01
2.178650e+01,2.643938e+01,4.767250e+01,-2.046312e+01
6.341900e+01,5.144000e+01,4.663600e+01,-1.699150e+01
2.062700e+01,3.266950e+01,2.913200e+01,-4.569842e+00
2.589775e+01,3.451050e+01,4.245113e+01,-3.952884e-01
1.589275e+01,2.798675e+01,2.564175e+01,-8.056869e+00
2.987175e+01,3.449725e+01,4.946400e+01,-5.279669e+00
1.962250e+01,3.258500e+01,4.021800e+01,-1.160901e+01
6.436800e+01,5.201750e+01,4.491100e+01,-1.639465e+01
5.777863e+01,5.313375e+01,5.290362e+01,-1.344798e+00
3.502763e+01,4.522875e+01,5.416938e+01,-7.263449e+00
3.246362e+01,4.435325e+01,4.860787e+01,-1.776425e+01
4.127475e+01,5.110500e+01,5.574688e+01,-1.719723e+01
1.774675e+01,2.968050e+01,4.222525e+01,-1.252141e+01
6.666175e+01,5.236725e+01,5.245388e+01,-4.743185e+00
1.857700e+01,2.922325e+01,2.926100e+01,-8.786446e+00
2.107750e+01,3.306550e+01,4.152950e+01,-1.132796e+01
2.588312e+01,4.257550e+01,5.699738e+01,-4.076061e-01
1.819588e+01,2.643450e+01,3.148025e+01,-7.626904e+00
1.315963e+01,3.321750e+01,2.682050e+01,-9.659556e+00
2.423900e+01,2.855425e+01,4.392400e+01,-7.039830e+00
1.135400e+01,3.617650e+01,2.400487e+01,-6.389579e+00
2.626700e+01,4.334800e+01,4.697350e+01,-1.683114e+01
1.112175e+01,3.126150e+01,2.415375e+01,-8.607194e+00
1.696863e+01,2.741975e+01,3.936250e+01,-5.764591e+00
2.178125e+01,2.394675e+01,3.919375e+01,-2.165729e+01
2.688275e+01,3.267425e+01,4.956737e+01,-9.063630e+00
2.679225e+01,3.406975e+01,4.269825e+01,-1.119718e-01
3.427750e+01,3.946188e+01,5.053850e+01,-2.813363e+00
1.591100e+01,3.459125e+01,3.961100e+01,-1.480401e+01
2.451925e+01,3.766287e+01,4.981825e+01,-4.474224e+00
3.722725e+01,4.590875e+01,5.397000e+01,-2.166539e+00
5.827663e+01,5.521300e+01,5.677700e+01,-2.551812e+00
3.196900e+01,3.526062e+01,5.041237e+01,-2.116927e+01
1.962725e+01,2.925250e+01,3.087850e+01,-5.822686e+00
6.621475e+01,5.143637e+01,5.009500e+01,-8.785099e+00
3.720125e+01,4.015250e+01,5.139675e+01,-5.390596e+00
1.004162e+01,3.460312e+01,2.601588e+01,-1.849643e+01
2.909200e+01,4.324375e+01,5.386138e+01,-1.037003e+01
5.309200e+01,5.295800e+01,4.762250e+01,-1.557097e+01
5.158888e+01,4.959437e+01,5.436638e+01,-4.905911e+00
5.647725e+01,4.436175e+01,5.511775e+01,-1.939239e+00
2.793075e+01,4.128175e+01,6.222500e+01,-1.966946e+01
2.419700e+01,2.405900e+01,3.952513e+01,-1.843443e+01
1.038525e+01,3.507100e+01,2.408700e+01,-1.373350e+01
2.241425e+01,3.203850e+01,4.202650e+01,-1.351807e+01
2.361700e+01,3.823337e+01,5.787425e+01,-1.804795e+01
4.284875e+01,4.837125e+01,5.346425e+01,-1.138287e+01
1.720700e+01,3.654650e+01,3.524650e+01,-2.133463e+00
2.316975e+01,2.539300e+01,4.210550e+01,-1.515170e+01
2.923100e+01,4.858625e+01,5.267700e+01,-4.209368e+00
1.352525e+01,3.566350e+01,3.306612e+01,-2.060048e+01
5.004400e+01,4.142275e+01,5.238100e+01,-3.859823e+00
7.508625e+01,5.378400e+01,4.857350e+01,1.922308e+01
4.633025e+01,4.607888e+01,5.243312e+01,2.762292e+00
6.739700e+01,4.975875e+01,4.551550e+01,-1.932667e+01
5.622981e+01,4.817831e+01,5.262606e+01,-3.779111e+00
5.395537e+01,4.699962e+01,5.551962e+01,-4.846439e+00
2.536238e+01,3.671150e+01,5.343063e+01,-4.491483e+00
7.012200e+01,5.248800e+01,5.220200e+01,-1.343085e+00
4.868875e+01,4.509412e+01,4.817625e+01,-8.045145e+00
1.925175e+01,2.926825e+01,3.474650e+01,-8.577382e+00
2.088325e+01,2.701075e+01,3.881350e+01,-6.665346e+00
3.911825e+01,4.608288e+01,5.254625e+01,-5.369214e+00
5.909175e+01,4.919875e+01,5.187050e+01,-4.376877e+00
2.700838e+01,4.281000e+01,4.429512e+01,-2.176269e+01
1.549750e+01,2.585875e+01,2.468725e+01,-1.813088e+01
2.784950e+01,4.548850e+01,5.802550e+01,-1.458223e+01
6.261600e+01,5.401588e+01,5.130925e+01,-1.331877e+01
1.370975e+01,3.447837e+01,4.018650e+01,-6.734218e+00
1.929756e+01,2.669213e+01,3.293481e+01,-1.829970e+01
4.512087e+01,4.655813e+01,5.248125e+01,-9.314213e+00
1.872675e+01,3.072413e+01,3.613162e+01,-4.713525e+00
4.185225e+01,4.344125e+01,4.911150e+01,-5.252817e+00
2.815800e+01,4.108612e+01,5.226475e+01,-8.562679e+00
1.341975e+01,3.001750e+01,3.955362e+01,-5.879531e+00
5.139400e+01,4.263750e+01,5.205000e+01,-4.026851e+00
4.260100e+01,4.382500e+01,5.368000e+01,-5.347805e+00
1.981475e+01,2.866425e+01,4.818600e+01,-1.749725e+01
3.413688e+01,4.501138e+01,4.724988e+01,-5.353554e+00
1.078025e+01,3.187025e+01,4.190925e+01,-6.381462e+00
1.757875e+01,3.405150e+01,2.853113e+01,-7.285987e+00
2.667075e+01,3.626350e+01,4.477075e+01,-1.167054e+01
4.973700e+01,4.115600e+01,5.107600e+01,-4.068454e+00
2.162825e+01,3.657187e+01,3.182250e+01,-3.894129e+00
4.837313e+01,4.760537e+01,5.407362e+01,-3.794563e+00
4.426625e+01,4.547500e+01,4.774600e+01,-5.034609e+00
7.046063e+01,5.138912e+01,4.843388e+01,3.589728e+00
7.225300e+01,5.598500e+01,4.834750e+01,2.962991e+00
2.375150e+01,4.076600e+01,5.592750e+01,-4.287259e+00
5.161325e+01,4.528538e+01,5.154787e+01,-5.150533e+00
1.700900e+01,2.761100e+01,2.956300e+01,-1.317041e+01
6.817050e+01,5.539500e+01,4.950225e+01,-9.480485e-03
1.639325e+01,3.145550e+01,2.805125e+01,-1.063929e+01
2.208225e+01,3.627300e+01,3.808912e+01,1.404994e+00
1.626450e+01,3.268950e+01,4.293250e+01,-4.846015e+00
4.054700e+01,4.926000e+01,4.706750e+01,-8.764610e+00
1.414250e+01,3.087550e+01,3.355400e+01,-4.076885e+00
5.146525e+01,4.500875e+01,5.037575e+01,-6.262731e+00
2.861238e+01,3.661662e+01,4.592800e+01,-1.282495e+01
3.138312e+01,3.470300e+01,5.258662e+01,-1.900788e+01
2.240350e+01,3.327100e+01,3.062625e+01,-7.384306e+00
3.882800e+01,4.752400e+01,4.944362e+01,-1.586486e+01
3.132700e+01,3.998800e+01,4.509450e+01,-2.124919e+01
1.661825e+01,3.395200e+01,4.087325e+01,-8.314961e+00
3.193175e+01,4.096725e+01,4.552400e+01,-1.818950e+01
3.866300e+01,4.489838e+01,4.938362e+01,-5.469285e+00
2.798369e+01,4.336506e+01,4.885025e+01,-7.243205e+00
5.354300e+01,4.831000e+01,5.090925e+01,-7.769449e+00
7.401000e+01,5.422500e+01,4.714625e+01,1.654540e+01
2.960200e+01,3.781525e+01,4.595025e+01,-2.283011e+01
1.657475e+01,2.905650e+01,3.748550e+01,-4.558334e+00
3.185063e+01,4.623662e+01,5.757138e+01,-1.308737e+01
2.901400e+01,4.741700e+01,5.476200e+01,-4.113767e+00
1.507762e+01,2.932562e+01,3.279438e+01,-6.237482e+00
2.857350e+01,4.317700e+01,6.080775e+01,-1.605531e+01
6.381125e+01,5.607625e+01,4.814175e+01,-1.227826e+01
6.543900e+01,5.578088e+01,5.297450e+01,-1.250038e-01
6.734825e+01,5.139975e+01,5.050100e+01,-1.042558e+01
2.677450e+01,3.272150e+01,5.069700e+01,-1.494187e+01
9.520000e+00,3.188050e+01,2.349113e+01,-2.138669e+01
3.327075e+01,5.093900e+01,5.013775e+01,-1.839277e+00
1.921150e+01,3.636850e+01,2.984050e+01,-4.286677e+00
2.780463e+01,4.302100e+01,5.855300e+01,-7.535542e+00
1.505050e+01,3.411275e+01,3.531387e+01,-8.704422e+00
4.292275e+01,5.224700e+01,4.570900e+01,-2.018318e+01
2.482187e+01,2.515812e+01,3.992363e+01,-1.551649e+01
4.024737e+01,4.997813e+01,4.837544e+01,-8.173707e+00
5.680375e+01,4.518775e+01,5.628175e+01,-2.655216e+00
2.833937e+01,4.207812e+01,5.570525e+01,-1.903436e+00
4.298663e+01,4.132825e+01,5.312075e+01,-4.822184e+00
1.980938e+01,3.648913e+01,3.282150e+01,-2.210456e+00
5.655850e+01,4.739975e+01,5.750031e+01,-2.896018e+00
2.826225e+01,4.116975e+01,4.994850e+01,-6.726811e+00
3.298225e+01,4.646850e+01,4.884050e+01,-9.964378e-01
1.644412e+01,3.075962e+01,3.452225e+01,-1.114701e+01
3.059000e+01,3.482400e+01,4.714725e+01,-6.692486e+00
2.681575e+01,3.902550e+01,4.643375e+01,-6.834716e+00
5.960000e+01,5.176050e+01,5.178500e+01,-4.906926e+00
4.764312e+01,4.173512e+01,5.029500e+01,-3.883167e+00
5.984150e+01,5.160100e+01,5.660425e+01,-3.140950e+00
6.424538e+01,5.911437e+01,4.827925e+01,-1.714553e+01
2.618362e+01,4.182850e+01,5.820200e+01,-4.223915e+00
4.207187e+01,4.244763e+01,4.948675e+01,-5.259691e+00
2.848550e+01,4.416025e+01,5.148050e+01,-7.063337e+00
5.958550e+01,5.424200e+01,5.619400e+01,-1.384042e+00
2.465125e+01,3.482925e+01,5.127875e+01,-6.719228e+00
2.556625e+01,3.585450e+01,4.464050e+01,-6.651633e+00
1.316575e+01,2.769550e+01,2.812450e+01,4.181226e+00
1.376687e+01,3.215662e+01,3.759750e+01,-5.748845e+00
6.528300e+01,4.918850e+01,4.626000e+01,-2.289036e+01
3.341112e+01,5.001100e+01,5.605638e+01,-5.272043e+00
2.413813e+01,3.174350e+01,4.705600e+01,-8.663148e+00
2.662625e+01,4.203725e+01,4.718600e+01,-1.116459e+01
3.367400e+01,3.831700e+01,4.987800e+01,-4.804042e+00
5.268637e+01,5.306813e+01,5.221825e+01,-5.627181e+00
2.498388e+01,4.097912e+01,5.390663e+01,-4.081622e+00
1.419700e+01,3.307238e+01,2.446538e+01,-1.554199e+00
2.074950e+01,3.412075e+01,4.305375e+01,2.691368e+00
7.316362e+01,5.441213e+01,5.286450e+01,2.212153e+00
1.307475e+01,2.937475e+01,4.398225e+01,-1.169075e+01
2.663713e+01,3.182113e+01,4.653987e+01,-6.369795e+00
5.740987e+01,5.615450e+01,5.489425e+01,-3.603596e+00
4.775862e+01,4.076475e+01,5.382800e+01,-4.016902e+00
2.908475e+01,4.025500e+01,6.155800e+01,-1.612206e+01
1.609725e+01,2.631912e+01,3.530187e+01,-1.972447e+01
1.374663e+01,3.385913e+01,2.557600e+01,-6.601882e+00
2.442063e+01,2.727737e+01,4.037812e+01,-8.077132e+00
5.668888e+01,4.616300e+01,5.763625e+01,-3.339356e+00
2.584650e+01,4.259350e+01,4.517925e+01,-2.060556e+01
5.075250e+01,4.143563e+01,5.151538e+01,-4.050804e+00
6.555200e+01,4.989025e+01,4.510350e+01,-1.866951e+01
3.240037e+01,4.195437e+01,5.972312e+01,-4.839012e+00
2.835225e+01,4.302475e+01,5.629438e+01,-3.584597e+00
1.410075e+01,2.964050e+01,2.355025e+01,-1.133916e+01
6.939262e+01,5.408025e+01,5.107863e+01,-1.601145e+00
1.584200e+01,2.802450e+01,2.379700e+01,-9.979182e+00
4.984725e+01,4.599550e+01,4.888850e+01,-7.215902e+00
6.427125e+01,5.241662e+01,5.586088e+01,-1.772292e+00
2.755550e+01,4.505900e+01,6.031325e+01,-1.885259e+01
1.990250e+01,2.858125e+01,3.390125e+01,-1.340799e+01
2.631750e+01,4.449012e+01,4.589850e+01,-1.950708e+01
2.648188e+01,4.128337e+01,4.590425e+01,-9.200331e+00
2.503100e+01,3.869862e+01,5.294106e+01,-7.621944e+00
1.601800e+01,3.283413e+01,2.870638e+01,-1.134693e+01
6.538625e+01,5.855875e+01,5.178100e+01,-5.059637e+00
4.079600e+01,4.369200e+01,5.293750e+01,-5.664990e+00
4.186200e+01,5.138675e+01,4.511950e+01,-2.010236e+01
2.075887e+01,3.255625e+01,4.286125e+01,-1.114923e+01
3.963025e+01,4.550325e+01,4.977837e+01,-9.066158e+00
4.012900e+01,5.173038e+01,5.388625e+01,-7.840861e+00
2.492575e+01,2.958250e+01,4.322888e+01,-1.649269e+01
4.174925e+01,5.303975e+01,4.699375e+01,-2.139943e+01
2.753900e+01,3.098787e+01,4.560900e+01,-6.057837e+00
2.950413e+01,3.237250e+01,4.457050e+01,-4.257441e+00
6.460237e+01,5.283438e+01,4.930375e+01,-1.016150e+01
2.898675e+01,4.202975e+01,5.453238e+01,-1.080204e+01
6.949450e+01,5.073650e+01,4.968263e+01,-5.037839e-01
6.549200e+01,5.706888e+01,5.237938e+01,-2.981513e+00
5.760600e+01,4.915900e+01,5.276938e+01,-2.386852e+00
2.317813e+01,3.129038e+01,4.736050e+01,-7.440741e+00
2.165900e+01,3.316800e+01,4.498200e+01,-1.822816e+00
3.709775e+01,4.194700e+01,4.665900e+01,-8.236943e+00
3.760550e+01,5.070600e+01,5.146325e+01,-1.576736e+01
3.379900e+01,4.463875e+01,5.552700e+01,-1.700332e+01
6.724925e+01,5.358900e+01,5.244575e+01,-3.280413e+00
3.483962e+01,4.205488e+01,5.442113e+01,-5.163483e+00
3.143838e+01,4.775637e+01,5.749888e+01,-1.275539e+01
2.629500e+01,3.797912e+01,5.742875e+01,-7.642519e+00
2.533962e+01,3.630237e+01,4.687938e+01,-1.301440e+01
2.733288e+01,4.138012e+01,5.516475e+01,8.779629e-02
2.333537e+01,4.031050e+01,5.743475e+01,-6.514424e+00
2.795125e+01,4.449813e+01,5.258413e+01,-5.621563e+00
6.418537e+01,5.109975e+01,4.750962e+01,-1.742639e+01
3.042825e+01,3.204100e+01,4.726000e+01,-5.461714e+00
2.165612e+01,2.755088e+01,4.937875e+01,-1.899801e+01
5.181300e+01,5.205350e+01,5.124750e+01,-7.379418e+00
4.306575e+01,5.094800e+01,5.435850e+01,-2.258959e+01
2.432925e+01,2.717450e+01,4.764800e+01,-2.329298e+01
7.104438e+01,5.200900e+01,5.175088e+01,2.913029e-01
2.839650e+01,3.436275e+01,4.399612e+01,-2.376736e+00
1.464150e+01,3.641100e+01,3.138275e+01,-7.395337e+00
7.125975e+01,5.270150e+01,4.764575e+01,6.274998e+00
7.250600e+01,5.281325e+01,4.771213e+01,1.657218e+01
4.057625e+01,5.037500e+01,4.643400e+01,-2.502165e+01
1.942325e+01,2.670575e+01,3.927825e+01,-5.980603e+00
5.567563e+01,5.202300e+01,5.175962e+01,-3.635592e+00
4.566875e+01,4.714875e+01,5.128475e+01,-5.716761e+00
3.263712e+01,5.222275e+01,5.083662e+01,-4.452866e+00
1.233888e+01,3.588612e+01,2.325937e+01,-5.863125e+00
1.431687e+01,3.819000e+01,3.523125e+01,-1.470317e+01
1.000812e+01,2.919738e+01,4.230537e+01,5.829916e+00
5.745519e+01,5.086281e+01,5.757462e+01,-9.833911e-01
5.534463e+01,4.485863e+01,5.482725e+01,7.634499e+00
2.149150e+01,2.579450e+01,3.853450e+01,-1.600504e+01
5.767700e+01,5.278181e+01,5.787919e+01,1.399701e+00
3.047275e+01,3.350450e+01,4.546750e+01,-5.805247e+00
1.210250e+01,2.762900e+01,2.623650e+01,-5.625060e+00
5.454825e+01,4.964150e+01,5.670450e+01,-7.582643e+00
1.385550e+01,2.659075e+01,2.212438e+01,-2.153293e+01
2.892950e+01,4.174513e+01,5.345650e+01,-5.452073e+00
3.768587e+01,3.874981e+01,4.975613e+01,-5.113783e+00
3.350962e+01,4.774250e+01,4.939375e+01,-2.569775e+00
1.310600e+01,3.339300e+01,3.060550e+01,-8.215569e+00
3.573962e+01,4.230712e+01,5.845925e+01,-4.826186e+00
4.245550e+01,4.821412e+01,4.733925e+01,-5.041111e+00
5.129138e+01,4.407088e+01,4.929287e+01,-5.392674e+00
4.974675e+01,4.389125e+01,4.895675e+01,-4.893796e+00
6.972550e+01,5.199500e+01,5.108300e+01,-1.511506e+00
3.619550e+01,4.170025e+01,5.748800e+01,-4.986165e+00
2.261375e+01,2.623650e+01,4.888575e+01,-1.762344e+01
5.800550e+01,4.573087e+01,5.639200e+01,1.661970e-01
3.408700e+01,3.831000e+01,5.646575e+01,-5.784966e+00
2.360412e+01,4.053713e+01,5.854425e+01,-7.251429e-01
6.951050e+01,5.093125e+01,4.816562e+01,-3.912671e-01
1.520400e+01,2.806700e+01,2.912600e+01,-8.268901e+00
5.527875e+01,5.279650e+01,5.634000e+01,-9.885973e+00
3.195950e+01,4.847250e+01,5.023100e+01,-3.385723e-01
4.824825e+01,4.819050e+01,5.317375e+01,-3.404493e+00
7.298875e+01,5.166225e+01,4.911475e+01,3.092734e+00
2.715813e+01,3.696563e+01,5.659550e+01,-1.828412e+01
1.791038e+01,2.765850e+01,4.298700e+01,-2.348231e+01
2.797800e+01,4.400825e+01,4.779400e+01,-9.522004e+00
2.072650e+01,2.754138e+01,4.623225e+01,-1.006017e+01
3.468688e+01,4.094850e+01,5.396113e+01,-3.867541e+00
1.256850e+01,2.855213e+01,3.213275e+01,-5.362009e+00
6.371825e+01,5.054725e+01,4.609538e+01,-2.141001e+01
3.355262e+01,4.581919e+01,5.553856e+01,-1.912813e+01
2.087050e+01,3.326800e+01,3.946750e+01,-9.977582e+00
3.655150e+01,4.476225e+01,4.759000e+01,-6.569861e+00
1.951912e+01,2.568362e+01,4.036213e+01,-6.482279e+00
1.737225e+01,3.180000e+01,2.785100e+01,-2.045470e+01
1.749850e+01,2.747100e+01,3.042575e+01,-8.255892e+00
5.821275e+01,4.902800e+01,5.679000e+01,-3.969189e+00
4.404212e+01,4.552687e+01,5.265362e+01,-8.577928e+00
4.203950e+01,4.731794e+01,5.438819e+01,-1.818679e+01
6.789725e+01,5.206025e+01,5.206700e+01,-1.567077e+01
5.709400e+01,5.162200e+01,5.364000e+01,3.780336e+00
6.182812e+01,4.991275e+01,5.149162e+01,-5.529226e+00
4.175300e+01,4.092150e+01,5.101475e+01,-5.408556e+00
7.309225e+01,5.088775e+01,5.349525e+01,-2.109746e+00
3.107000e+01,4.023150e+01,5.959850e+01,-1.406408e+01
4.119100e+01,4.463088e+01,4.955100e+01,-5.866970e+00
1.044250e+01,3.058300e+01,2.763375e+01,-1.761504e+01
2.858662e+01,4.625600e+01,6.068613e+01,-2.285378e+01
3.822175e+01,5.080937e+01,5.337538e+01,-6.246345e+00
3.118662e+01,4.386025e+01,5.933237e+01,-7.493958e+00
3.263825e+01,4.483600e+01,5.818175e+01,-7.186519e+00
6.636687e+01,5.582600e+01,4.831525e+01,1.336048e+00
6.712350e+01,4.987325e+01,4.789825e+01,-1.045893e+01
1.515350e+01,2.650163e+01,2.263363e+01,-1.851001e+01
2.555763e+01,3.322244e+01,5.144062e+01,-1.551301e+01
2.940125e+01,4.681850e+01,5.701250e+01,-9.702967e+00
1.513775e+01,3.362100e+01,3.641825e+01,-9.293130e+00
2.165375e+01,2.456075e+01,3.797050e+01,-2.187786e+01
3.976763e+01,4.397962e+01,4.928625e+01,-1.123985e+00
3.756912e+01,3.910850e+01,4.874488e+01,-7.286172e+00
1.515362e+01,2.916275e+01,3.803950e+01,1.377099e-01
4.188738e+01,4.571075e+01,4.912788e+01,-5.102442e+00
2.953525e+01,3.402500e+01,4.455850e+01,-4.949587e+00
2.619463e+01,3.676975e+01,5.465112e+01,-5.856097e+00
3.012550e+01,5.051550e+01,5.377800e+01,-4.407550e+00
2.931775e+01,4.789925e+01,5.043225e+01,-4.573822e+00
2.855088e+01,3.131638e+01,4.470838e+01,-5.296772e+00
1.239412e+01,3.664425e+01,3.504937e+01,-2.356867e+01
2.980250e+01,3.709150e+01,5.641100e+01,-1.521046e+01
4.165887e+01,4.912913e+01,4.637588e+01,-1.727323e+01
5.889300e+01,5.027050e+01,5.703175e+01,-5.068845e+00
2.555750e+01,3.338900e+01,4.186350e+01,-5.613037e+00
2.825675e+01,4.669850e+01,5.843775e+01,-1.667600e+01
2.485225e+01,3.813475e+01,4.857875e+01,-5.453259e+00
2.332625e+01,2.594125e+01,4.789200e+01,-2.589519e+01
5.015650e+01,4.489200e+01,5.326650e+01,-2.996983e+00
3.132350e+01,3.966025e+01,5.860800e+01,-4.052581e+00
6.655750e+01,5.466388e+01,5.322187e+01,1.259085e+00
6.924913e+01,5.135525e+01,4.646513e+01,-3.215470e+00
5.779475e+01,4.501825e+01,5.237975e+01,1.205271e+00
2.700650e+01,3.160500e+01,4.858725e+01,-7.531057e+00
6.343750e+01,5.689275e+01,4.728700e+01,-1.670106e+01
2.531800e+01,3.349988e+01,5.360538e+01,-1.156392e+00
7.064150e+01,5.465250e+01,5.066875e+01,1.026371e+01
7.181075e+01,5.263275e+01,5.432438e+01,2.577023e+00
2.876150e+01,4.393375e+01,4.392250e+01,-2.485601e+01
1.919900e+01,2.671275e+01,3.153650e+01,-7.040120e+00
3.388537e+01,5.171825e+01,5.382300e+01,-3.131681e+00
3.741300e+01,4.838112e+01,4.974063e+01,-1.481359e+01
1.469250e+01,3.025238e+01,4.447750e+01,-4.424026e+00
4.472900e+01,5.007000e+01,4.804450e+01,-7.614408e+00
1.647113e+01,2.865887e+01,4.199262e+01,-7.417976e+00
1.803325e+01,2.606150e+01,3.259475e+01,-1.033010e+01
2.387125e+01,3.921975e+01,5.415150e+01,-4.756193e+00
2.910825e+01,4.730350e+01,5.887825e+01,-1.810109e+01
3.550525e+01,5.078413e+01,5.085037e+01,-5.540006e+00
3.942263e+01,4.933675e+01,5.603000e+01,-7.641742e+00
6.670550e+01,5.627275e+01,5.230550e+01,-2.190619e+00
7.489363e+01,5.402137e+01,5.258075e+01,-1.175766e+01
2.961288e+01,3.796100e+01,5.930625e+01,-6.467260e+00
3.875175e+01,5.039950e+01,5.055500e+01,-1.234178e+01
1.556950e+01,3.787262e+01,3.265387e+01,-6.495042e+00
5.877737e+01,5.135187e+01,5.786700e+01,-2.263082e+00
4.678575e+01,4.559212e+01,4.713200e+01,-1.936966e+01
3.400000e+01,4.876275e+01,5.581675e+01,-7.860875e+00
1.157425e+01,2.981400e+01,2.775650e+01,-9.628123e+00
7.095550e+01,5.278250e+01,5.323200e+01,7.582491e-01
1.001138e+01,3.094025e+01,4.072675e+01,-1.525953e+00
2.351475e+01,3.401812e+01,3.591488e+01,-1.140427e+01
3.097000e+01,4.747737e+01,5.896663e+01,-2.386849e+01
1.185750e+01,3.265950e+01,2.350525e+01,-1.210762e+01
2.923025e+01,3.719325e+01,5.792250e+01,-1.260841e+01
5.365150e+01,4.719050e+01,5.140450e+01,-1.407844e+01
1.808100e+01,3.285925e+01,2.780975e+01,-1.955595e+01
1.235650e+01,3.547075e+01,3.396375e+01,-2.480221e+01
5.212275e+01,5.408687e+01,4.970200e+01,-2.116373e+01
2.157850e+01,3.594437e+01,3.614562e+01,-4.029571e+00
5.122863e+01,4.467825e+01,5.262387e+01,-4.036984e+00
2.743350e+01,3.501675e+01,4.371813e+01,-3.449647e+00
3.471688e+01,3.895675e+01,5.596587e+01,-4.504924e+00
5.137075e+01,4.294075e+01,4.991250e+01,-4.624239e+00
4.421050e+01,4.319900e+01,4.826350e+01,-5.249497e+00
1.203988e+01,3.209525e+01,3.854200e+01,-3.780915e+00
5.066287e+01,4.922425e+01,5.041287e+01,-7.226419e+00
1.686137e+01,3.525937e+01,2.942150e+01,-7.218875e+00
3.207125e+01,3.571200e+01,5.400425e+01,-2.431735e+01
1.201713e+01,3.027838e+01,4.461388e+01,-1.148251e+01
3.616000e+01,4.040575e+01,5.144675e+01,-5.901295e+00
6.289300e+01,5.967175e+01,5.000350e+01,-2.107156e+01
2.992700e+01,4.463175e+01,4.519650e+01,-2.499096e+01
2.995350e+01,3.194738e+01,4.582531e+01,-4.551720e+00
5.785500e+01,4.399900e+01,5.281650e+01,1.718725e+00
3.184125e+01,5.213125e+01,5.166837e+01,-3.587514e+00
6.038750e+01,4.816625e+01,5.473725e+01,-6.921249e+00
1.999800e+01,2.796138e+01,3.862275e+01,-1.707084e+00
4.577913e+01,4.281288e+01,5.294712e+01,-3.647816e+00
4.000175e+01,5.042725e+01,5.173762e+01,-6.231178e+00
2.840162e+01,4.516575e+01,5.597512e+01,2.435979e+00
6.554625e+01,5.161225e+01,5.278250e+01,-6.366927e+00
1.278350e+01,2.838113e+01,2.196000e+01,-2.140374e+01
2.847762e+01,4.638962e+01,5.353187e+01,-4.105483e+00
5.821800e+01,4.634238e+01,5.274350e+01,-1.121507e+01
2.766825e+01,4.025650e+01,5.061950e+01,-6.662983e+00
5.457312e+01,5.096813e+01,5.681412e+01,-1.811197e+01
6.653750e+01,5.109900e+01,4.514275e+01,-1.439440e+01
6.497450e+01,5.575600e+01,4.817425e+01,-5.992775e+00
2.716050e+01,3.990400e+01,4.973600e+01,-1.603569e+00
6.432625e+01,5.779013e+01,4.710787e+01,-1.988296e+01
3.006737e+01,4.748313e+01,5.575900e+01,-4.855234e+00
2.287625e+01,3.049725e+01,3.299500e+01,-2.271841e+00
3.638162e+01,4.982212e+01,5.058350e+01,-1.144907e+01
4.248000e+01,5.048562e+01,4.508250e+01,-2.373771e+01
3.289850e+01,3.599275e+01,5.080525e+01,-2.481160e+01
4.115900e+01,5.204650e+01,4.721300e+01,-1.821269e+01
3.525737e+01,4.147225e+01,5.900238e+01,-3.872932e+00
1.433800e+01,3.463800e+01,2.452150e+01,-5.639115e+00
3.678000e+01,4.708700e+01,5.454300e+01,-6.935976e+00
2.313863e+01,2.694375e+01,4.258725e+01,-2.372468e+00
1.218525e+01,3.203825e+01,2.834650e+01,-1.264822e+01
4.283000e+01,5.339425e+01,4.643850e+01,-2.012378e+01
1.518275e+01,2.517562e+01,2.350587e+01,-2.239713e+01
2.420325e+01,3.187525e+01,3.357400e+01,-2.262213e+00
1.756150e+01,3.374912e+01,4.015200e+01,-1.099420e+01
1.249700e+01,3.544025e+01,3.540525e+01,-2.094818e+01
7.489638e+01,5.295312e+01,4.961288e+01,6.164722e+00
2.031488e+01,3.139225e+01,4.406562e+01,-1.343230e+01
2.439225e+01,3.709650e+01,5.117800e+01,-3.654156e+00
4.421544e+01,4.931713e+01,4.697975e+01,-7.529012e+00
6.789100e+01,5.515400e+01,5.088700e+01,-3.993855e+00
1.600275e+01,3.032950e+01,3.731000e+01,-2.057155e+00
2.512700e+01,3.890013e+01,5.819038e+01,-9.148646e+00
3.007400e+01,4.917625e+01,5.350900e+01,-3.463066e+00
6.639950e+01,5.173188e+01,5.136762e+01,-1.303857e+01
2.390662e+01,2.463538e+01,3.818100e+01,-2.807971e+01
2.891887e+01,4.304913e+01,5.127388e+01,-1.310517e+01
2.577500e+01,3.241350e+01,4.276212e+01,-6.883169e+00
1.951650e+01,2.807075e+01,3.152800e+01,-7.158736e+00
2.181875e+01,2.731100e+01,4.413075e+01,-5.024379e+00
9.491875e+00,3.380763e+01,2.686762e+01,-2.123771e+01
1.987500e+01,2.809713e+01,3.274187e+01,-8.368992e+00
1.669237e+01,3.031750e+01,4.220788e+01,-8.239385e+00
4.149012e+01,5.195413e+01,5.457863e+01,-2.188518e+01
1.361388e+01,3.748488e+01,3.587825e+01,-2.029779e+01
2.548963e+01,3.813112e+01,4.992050e+01,-1.684785e+00
2.063925e+01,3.602725e+01,3.885350e+01,-4.437260e+00
1.836062e+01,3.072788e+01,2.861913e+01,-1.351684e+01
5.532713e+01,5.126575e+01,5.757963e+01,-1.625387e+01
2.295900e+01,3.353725e+01,4.581325e+01,-5.658961e+00
1.928950e+01,3.622150e+01,3.163488e+01,-2.378184e+00
5.699263e+01,4.979725e+01,5.703037e+01,-2.695758e+00
2.853025e+01,3.641437e+01,5.710900e+01,-2.058696e+01
3.284575e+01,4.902087e+01,5.664750e+01,-1.903265e+01
3.850187e+01,4.011625e+01,5.108600e+01,-3.874850e+00
6.466750e+01,5.283638e+01,4.630475e+01,-1.872601e+01
3.427100e+01,4.655012e+01,5.505300e+01,-1.163081e+01
4.056750e+01,4.928194e+01,5.612125e+01,-1.307691e+01
5.107550e+01,5.104100e+01,5.209975e+01,-3.157258e+00
2.603150e+01,3.108050e+01,4.303800e+01,-2.301338e+01
2.447050e+01,2.818350e+01,4.707487e+01,-1.153456e+01
1.337888e+01,3.148475e+01,2.380488e+01,-2.021788e+00
7.552125e+01,5.391338e+01,5.116425e+01,-1.077175e+01
7.258325e+01,5.187875e+01,5.437125e+01,-1.077040e+00
1.966575e+01,3.089825e+01,2.975450e+01,-5.999366e+00
5.606450e+01,4.969888e+01,5.207125e+01,1.899061e+00
1.823175e+01,3.502600e+01,3.800800e+01,-1.061968e+01
1.699813e+01,2.815113e+01,3.820212e+01,-4.844706e+00
5.166025e+01,4.690863e+01,5.400762e+01,-6.764494e+00
5.593075e+01,4.874375e+01,5.762400e+01,-4.154777e+00
9.779750e+00,3.251762e+01,2.244400e+01,-2.254180e+01
1.485025e+01,3.490625e+01,3.802325e+01,-1.979158e+01
1.949012e+01,3.452738e+01,4.020450e+01,-2.154865e+01
5.545750e+01,5.132275e+01,4.855100e+01,-2.029803e+01
2.674612e+01,3.145338e+01,4.418925e+01,-6.810066e+00
5.851250e+01,4.833325e+01,5.255400e+01,-6.392548e+00
5.638825e+01,5.431063e+01,5.763488e+01,-3.405958e+00
3.940525e+01,4.120137e+01,4.902725e+01,-1.242316e+01
6.798862e+01,5.094375e+01,4.601200e+01,-8.167495e+00
2.026275e+01,2.733075e+01,3.418788e+01,-2.608110e+01
3.521275e+01,4.767550e+01,5.562625e+01,-2.548711e+01
5.306300e+01,5.127200e+01,4.767800e+01,-1.917996e+01
1.154487e+01,3.507550e+01,2.259575e+01,-6.450203e+00
1.385262e+01,2.822863e+01,3.103288e+01,-2.886065e+00
6.747875e+01,5.518125e+01,5.235475e+01,-2.014127e+00
2.481737e+01,4.230387e+01,5.719075e+01,-1.726631e+00
4.663000e+01,4.149925e+01,5.392450e+01,-4.185882e+00
6.571775e+01,5.738263e+01,4.829438e+01,-1.310695e+01
3.790825e+01,4.506900e+01,4.854525e+01,-8.724296e+00
6.567269e+01,5.232556e+01,4.539269e+01,-1.602105e+01
2.127700e+01,2.717150e+01,4.510537e+01,-7.432151e+00
5.585213e+01,5.091475e+01,5.142125e+01,-1.376654e+00
2.368425e+01,2.701313e+01,4.678387e+01,-2.062125e+01
7.371650e+01,5.177950e+01,5.458125e+01,7.927876e+00
3.557400e+01,3.806850e+01,4.913450e+01,-3.738135e+00
6.439150e+01,6.005137e+01,5.036175e+01,-1.916824e+01
1.214750e+01,3.186575e+01,3.253125e+01,-5.349233e+00
1.152000e+01,2.784400e+01,2.506500e+01,-6.487270e+00
3.002075e+01,3.647850e+01,5.470312e+01,-1.233502e+01
2.304612e+01,3.879150e+01,5.662363e+01,-2.137104e+01
2.777381e+01,4.017463e+01,6.127169e+01,-1.602366e+01
1.300487e+01,3.149288e+01,3.367863e+01,-6.075094e+00
5.117575e+01,4.611125e+01,5.014675e+01,-1.278276e+01
7.267850e+01,5.582025e+01,4.987875e+01,8.282904e+00
1.056888e+01,2.949975e+01,4.128737e+01,-1.236861e+00
1.047800e+01,3.040788e+01,3.986475e+01,-3.312526e+00
6.260637e+01,4.950675e+01,5.383163e+01,4.568322e-01
7.296575e+01,5.438400e+01,4.694362e+01,1.460031e+01
2.127850e+01,3.072962e+01,3.337075e+01,-5.788765e+00
5.189825e+01,5.178625e+01,5.339250e+01,-5.092324e+00
1.911263e+01,2.977250e+01,4.316962e+01,-1.705071e+01
2.373500e+01,3.747675e+01,5.647400e+01,-2.176058e+01
6.282062e+01,5.775550e+01,4.805688e+01,-2.775062e+01
2.803600e+01,4.261575e+01,6.183450e+01,-2.157665e+01
3.147062e+01,5.075437e+01,5.047738e+01,-2.591106e+00
4.783300e+01,4.696312e+01,4.954838e+01,-3.963616e+00
2.405700e+01,2.811725e+01,4.544000e+01,-7.775433e+00
7.525700e+01,5.421088e+01,4.969550e+01,1.342171e+01
4.359925e+01,4.686775e+01,5.299300e+01,-1.681126e+01
5.460325e+01,5.060837e+01,4.798775e+01,-2.134019e+01
3.136700e+01,4.431687e+01,4.949450e+01,-2.003583e+01
2.499788e+01,3.049387e+01,4.237675e+01,-2.150374e+01
4.079575e+01,5.130938e+01,4.869488e+01,-8.263859e+00
2.821050e+01,4.299750e+01,4.410975e+01,-1.916811e+01
1.727062e+01,2.877412e+01,2.823275e+01,-2.120531e+01
4.899375e+01,4.665700e+01,4.906188e+01,-7.960512e+00
3.397975e+01,4.395300e+01,5.836650e+01,-2.052384e+00
3.393125e+01,3.839050e+01,4.731250e+01,-4.441715e+00
3.069425e+01,3.804775e+01,4.636575e+01,-1.749660e+01
3.124675e+01,4.257075e+01,5.981725e+01,-7.595813e+00
2.678875e+01,4.202525e+01,5.631625e+01,5.525314e-01
1.124425e+01,3.143325e+01,4.338300e+01,-9.187928e+00
2.741725e+01,3.298063e+01,5.249475e+01,-8.610278e+00
3.749175e+01,4.981175e+01,5.013475e+01,-2.088357e+01
2.143625e+01,3.076275e+01,3.189325e+01,-5.585452e+00
3.314250e+01,5.238600e+01,5.406300e+01,-4.372318e+00
4.761000e+01,4.668125e+01,5.299650e+01,2.619608e+00
5.300713e+01,5.412237e+01,4.840200e+01,-2.598654e+01
1.453725e+01,3.088425e+01,2.449900e+01,-4.651484e+00
2.700950e+01,4.112475e+01,6.166050e+01,-2.008472e+01
6.847875e+01,5.134150e+01,5.081150e+01,-9.359053e+00
3.033888e+01,4.050337e+01,6.145987e+01,-2.273140e+01
2.813050e+01,3.793700e+01,4.601200e+01,-1.277159e+01
3.011338e+01,4.334087e+01,4.896937e+01,-8.319224e+00
4.420888e+01,4.855412e+01,5.135950e+01,-1.129775e+01
2.170763e+01,2.818212e+01,3.861562e+01,-6.200736e+00
1.019700e+01,3.050300e+01,4.197400e+01,-1.090902e+00
1.680213e+01,3.046887e+01,3.604700e+01,-3.308448e+00
1.163825e+01,3.638075e+01,2.567250e+01,-6.264614e+00
2.681750e+01,3.872050e+01,5.886475e+01,-5.609517e+00
2.088100e+01,2.510500e+01,3.951387e+01,-1.000703e+01
1.460925e+01,3.684287e+01,3.699338e+01,-2.657704e+01
1.645100e+01,3.633250e+01,3.624162e+01,-1.077235e+01
3.047812e+01,4.588813e+01,6.006175e+01,-1.835646e+01
5.134162e+01,4.223325e+01,5.093937e+01,-4.149150e+00
5.898237e+01,5.582988e+01,5.498700e+01,-2.793148e+00
2.139725e+01,3.479538e+01,4.390175e+01,6.502758e-01
3.169675e+01,3.916000e+01,4.558475e+01,-1.578500e+01
1.643800e+01,2.798125e+01,2.836275e+01,-1.306440e+01
1.441825e+01,2.511313e+01,2.463275e+01,-2.280087e+01
2.351613e+01,3.275550e+01,4.623238e+01,-7.165672e+00
3.214088e+01,5.229525e+01,5.408037e+01,-3.460653e+00
2.009913e+01,2.834237e+01,4.716900e+01,-1.892260e+01
2.013363e+01,3.176900e+01,2.947187e+01,-5.075643e+00
1.320750e+01,2.574638e+01,2.422788e+01,-1.983422e+01
2.771975e+01,4.422337e+01,5.838500e+01,-1.028705e+01
3.508763e+01,4.239763e+01,5.661994e+01,-3.203393e+00
7.132975e+01,5.495938e+01,5.197375e+01,2.633520e+00
1.455025e+01,2.814563e+01,2.834487e+01,-2.231266e+00
4.035762e+01,5.119925e+01,5.509963e+01,-1.778063e+01
5.939575e+01,5.288575e+01,5.669412e+01,-8.249088e-01
1.529688e+01,3.095628e+01,4.370528e+01,-7.275967e+00
4.446075e+01,4.857437e+01,4.817938e+01,-5.418086e+00
3.987550e+01,4.810300e+01,4.872000e+01,-8.086997e+00
2.097450e+01,3.028400e+01,3.915800e+01,-6.573721e+00
2.093150e+01,3.107300e+01,3.831950e+01,-6.381296e+00
3.537744e+01,4.887475e+01,5.019288e+01,-3.786423e+00
1.252331e+01,2.864250e+01,3.043994e+01,-1.089663e-01
2.255438e+01,2.974988e+01,4.160988e+01,-6.068809e+00
2.024375e+01,3.210950e+01,3.895725e+01,-8.320615e+00
4.292800e+01,4.979450e+01,5.447100e+01,-1.578564e+01
5.580350e+01,5.330900e+01,5.325800e+01,-4.375386e+00
1.734388e+01,3.634431e+01,3.240200e+01,1.955010e+00
2.546050e+01,3.753187e+01,5.560000e+01,-7.087464e+00
2.531106e+01,3.190713e+01,4.687512e+01,-1.787568e+01
1.456775e+01,3.213725e+01,3.396275e+01,-7.890627e+00
2.872150e+01,4.344050e+01,4.952925e+01,-7.292881e+00
5.448200e+01,5.158075e+01,5.572375e+01,-9.712126e+00
1.148200e+01,3.076506e+01,3.162844e+01,-4.833490e+00
3.310900e+01,5.104519e+01,5.511888e+01,1.202389e+00
5.362125e+01,4.864275e+01,5.617288e+01,-1.184522e+01
1.549075e+01,3.143263e+01,3.443050e+01,-1.478557e+01
3.740656e+01,4.337044e+01,5.113781e+01,-5.014974e+00
3.507287e+01,3.852862e+01,4.825075e+01,-5.392778e+00
7.056050e+01,5.153206e+01,5.060863e+01,4.383596e+00
6.227050e+01,5.003887e+01,5.251487e+01,-5.247115e+00
4.737378e+01,4.341172e+01,5.363603e+01,-3.103131e+00
3.761988e+01,4.986612e+01,5.356850e+01,-4.205393e+00
2.977181e+01,3.258550e+01,4.879675e+01,-4.097396e+00
3.086950e+01,3.527350e+01,4.966269e+01,-1.097887e+01
5.152081e+01,4.838719e+01,5.439244e+01,-6.054489e+00
6.021575e+01,5.266000e+01,5.578950e+01,-6.021152e+00
1.151800e+01,2.895875e+01,2.440325e+01,-7.027453e+00
2.567312e+01,3.811413e+01,5.162888e+01,-7.236373e+00
2.455700e+01,3.440525e+01,4.123112e+01,-7.450527e+00
4.110237e+01,4.707825e+01,4.888162e+01,-6.763100e+00
1.530331e+01,3.047450e+01,2.671531e+01,-8.056307e+00
1.538200e+01,3.807850e+01,3.461350e+01,-1.489313e+01
3.879744e+01,3.975131e+01,4.957469e+01,-5.048084e+00
1.841963e+01,3.081113e+01,4.180062e+01,-1.269246e+01
3.068325e+01,4.551844e+01,5.020913e+01,-6.933158e+00
1.578525e+01,2.997937e+01,2.780913e+01,-7.044698e+00
7.196156e+01,5.177825e+01,5.131494e+01,4.109708e+00
2.745875e+01,4.137275e+01,4.526975e+01,-1.286563e+01
4.313900e+01,4.245775e+01,4.923262e+01,-4.883426e+00
1.699938e+01,2.572737e+01,3.415212e+01,-2.003428e+01
4.741050e+01,4.705775e+01,5.074219e+01,-3.562297e+00
5.585963e+01,5.321675e+01,5.427362e+01,-3.306327e+00
2.713213e+01,4.114737e+01,4.823106e+01,-5.588778e+00
3.895012e+01,4.276875e+01,4.816925e+01,-3.272155e+00
2.486137e+01,3.558163e+01,4.336337e+01,-6.253365e+00
2.835506e+01,3.310056e+01,4.976562e+01,-7.238732e+00
2.150450e+01,3.328425e+01,3.869125e+01,-5.870239e+00
4.857050e+01,4.406216e+01,5.325975e+01,-2.015145e+00
5.780062e+01,5.102013e+01,5.321550e+01,3.678261e+00
2.136525e+01,3.005950e+01,4.007400e+01,-7.228520e+00
6.162350e+01,5.227163e+01,5.167150e+01,-1.438015e+01
5.572650e+01,4.614800e+01,5.648462e+01,-2.155713e+00
1.819025e+01,3.558950e+01,3.419100e+01,-1.557676e+00
2.922250e+01,4.426300e+01,5.027850e+01,-7.675362e+00
2.457950e+01,3.809900e+01,5.416550e+01,-5.506723e+00
2.619200e+01,3.943600e+01,4.896150e+01,3.455723e+00
3.107456e+01,5.146869e+01,5.421637e+01,-2.502625e+00
1.131100e+01,2.988350e+01,2.538925e+01,-4.717835e+00
1.322981e+01,3.269688e+01,3.343713e+01,-6.753601e+00
2.118263e+01,3.163694e+01,3.540062e+01,-5.849985e+00
5.514556e+01,5.273841e+01,5.019244e+01,-8.767932e+00
4.588113e+01,4.683931e+01,4.912156e+01,-5.657329e+00
2.935569e+01,4.373456e+01,6.014269e+01,-1.291921e+01
2.291038e+01,3.603369e+01,3.383369e+01,-4.113085e+00
1.328112e+01,3.428656e+01,3.369775e+01,-9.959424e+00
2.857806e+01,3.592619e+01,5.372088e+01,-1.015645e+01
1.345600e+01,3.319212e+01,3.863737e+01,-6.308703e+00
1.780000e+01,3.666100e+01,3.332500e+01,-2.900716e+00
1.892675e+01,2.862225e+01,3.795550e+01,-3.863906e+00
6.422113e+01,5.431806e+01,4.890481e+01,-6.227037e+00
2.577200e+01,3.839450e+01,4.823363e+01,-3.958313e+00
1.957156e+01,3.054094e+01,3.526281e+01,-5.912942e+00
5.414113e+01,5.168563e+01,5.312500e+01,-5.720398e+00
2.728500e+01,3.918875e+01,6.019450e+01,-6.973282e+00
2.416900e+01,3.440394e+01,5.302975e+01,-5.741443e+00
1.669588e+01,2.860262e+01,3.490600e+01,-1.277645e+01
2.415794e+01,3.616537e+01,4.994469e+01,-3.601803e+00
1.106850e+01,2.973588e+01,2.659650e+01,-8.630091e+00
6.294031e+01,5.244594e+01,5.554831e+01,-3.183059e-02
3.334294e+01,3.991175e+01,5.419812e+01,7.335610e-01
2.631925e+01,4.028137e+01,4.650662e+01,-6.982717e+00
5.689844e+01,5.536994e+01,5.609587e+01,-2.731130e+00
3.359844e+01,4.351488e+01,4.737919e+01,-7.197932e+00
1.472806e+01,3.219775e+01,3.697025e+01,-3.536878e+00
6.898000e+01,5.067900e+01,4.720000e+01,-3.559178e+00
1.459450e+01,3.490675e+01,3.031625e+01,-2.282376e+01
3.303400e+01,3.756100e+01,5.036150e+01,-6.110803e+00
3.184700e+01,3.808463e+01,5.332337e+01,-6.898175e+00
2.262637e+01,2.870862e+01,4.000238e+01,-6.742766e+00
1.941731e+01,2.856181e+01,4.404256e+01,-1.215568e+01
4.093975e+01,5.149650e+01,4.595350e+01,-2.310055e+01
2.236962e+01,2.705112e+01,4.630325e+01,-1.385621e+01
3.269275e+01,3.882487e+01,5.734862e+01,-3.095667e+00
5.073950e+01,4.685838e+01,4.933700e+01,-1.994307e+01
3.023806e+01,4.419519e+01,5.986081e+01,-1.107435e+01
4.119300e+01,4.237369e+01,5.215288e+01,-5.547021e+00
1.975525e+01,3.172225e+01,4.112125e+01,-1.093064e+01
1.978237e+01,3.512275e+01,3.630537e+01,-5.230966e+00
3.873350e+01,4.276500e+01,5.116850e+01,-1.166274e+01
5.889975e+01,4.515400e+01,5.444425e+01,-6.422882e+00
3.229594e+01,3.840056e+01,5.227013e+01,-4.303037e+00
6.602250e+01,5.245550e+01,5.375675e+01,-4.738653e+00
3.697338e+01,4.053750e+01,4.750337e+01,-1.063586e+01
2.219787e+01,3.084125e+01,4.193462e+01,-9.594553e+00
5.107675e+01,5.061000e+01,5.358925e+01,-2.663731e+00
5.231963e+01,5.063600e+01,4.910213e+01,-1.142807e+01
1.815837e+01,3.586744e+01,3.075144e+01,-4.830076e+00
1.892462e+01,3.497787e+01,3.480637e+01,-1.086509e+00
1.591500e+01,3.670850e+01,3.156350e+01,-4.278443e+00
2.126600e+01,3.521225e+01,3.906725e+01,-8.207913e+00
4.504775e+01,4.128238e+01,5.115625e+01,-4.402662e+00
6.355525e+01,5.090831e+01,5.513662e+01,4.133689e+00
2.739725e+01,4.315256e+01,5.734931e+01,-4.438944e+00
5.735537e+01,4.387675e+01,5.407350e+01,-3.418400e+00
1.720538e+01,3.541850e+01,3.678900e+01,-6.008116e+00
1.165075e+01,3.009106e+01,2.406112e+01,-6.509955e+00
2.879431e+01,4.451462e+01,5.431675e+01,-4.498457e+00
2.011475e+01,3.506987e+01,3.462575e+01,-3.767971e+00
2.732000e+01,4.440875e+01,4.450600e+01,-1.813187e+01
2.866538e+01,4.642912e+01,5.542388e+01,5.657058e-02
4.001650e+01,4.782337e+01,5.497362e+01,-1.360248e+01
6.341938e+01,5.430725e+01,5.394275e+01,-2.115927e+00
1.469988e+01,3.491500e+01,3.913425e+01,-9.771902e+00
6.132406e+01,5.098331e+01,5.160831e+01,-6.849925e+00
3.240756e+01,4.686150e+01,5.638381e+01,-1.122668e+01
2.036794e+01,2.550306e+01,4.162512e+01,-6.905498e+00
7.552350e+01,5.257725e+01,5.109325e+01,-1.166395e+01
1.396106e+01,3.257219e+01,2.640825e+01,-5.258817e+00
6.359025e+01,5.175050e+01,5.134537e+01,-1.454797e+01
2.174700e+01,2.507556e+01,4.204100e+01,-8.131126e+00
1.315875e+01,3.338369e+01,2.356856e+01,-3.671192e+00
5.527775e+01,5.111000e+01,4.974150e+01,-1.150150e+01
6.788750e+01,5.332600e+01,4.680706e+01,-3.525971e+00
1.802419e+01,2.975187e+01,3.543919e+01,-6.241800e+00
5.966950e+01,4.826800e+01,5.545950e+01,-9.850425e+00
6.055444e+01,5.465669e+01,5.455775e+01,-2.292413e+00
6.706850e+01,5.677988e+01,5.099237e+01,-2.783572e+00
2.995969e+01,4.351775e+01,4.746031e+01,-9.346269e+00
5.969875e+01,4.732881e+01,5.275100e+01,-1.351699e+01
4.377759e+01,4.437069e+01,5.313181e+01,-4.991171e+00
1.216475e+01,2.828688e+01,2.718638e+01,-2.169344e+00
5.988806e+01,5.023394e+01,5.139650e+01,-4.769598e+00
1.517875e+01,3.166825e+01,2.718625e+01,-1.427156e+01
3.629631e+01,4.338069e+01,4.678278e+01,-6.015629e+00
1.567062e+01,2.750475e+01,3.140413e+01,-6.742674e+00
2.648856e+01,4.133588e+01,6.003869e+01,-1.008263e+01
1.853637e+01,2.700913e+01,4.012000e+01,-6.184800e+00
3.115525e+01,4.299938e+01,4.743500e+01,-7.261327e+00
3.387781e+01,5.156725e+01,5.194387e+01,-1.288711e+00
1.298244e+01,3.595519e+01,2.547569e+01,-6.516049e+00
1.480312e+01,2.784638e+01,3.017956e+01,-5.711640e+00
1.813256e+01,3.008263e+01,3.743681e+01,-3.660159e+00
1.639475e+01,3.776738e+01,3.504938e+01,-9.700974e+00
5.183038e+01,4.846687e+01,5.004237e+01,-7.632372e+00
5.884575e+01,5.066987e+01,5.249963e+01,1.719627e-03
4.853588e+01,4.573656e+01,5.340750e+01,6.427085e+00
3.206412e+01,3.705350e+01,4.981875e+01,-1.339762e+01
6.652244e+01,5.801750e+01,5.169356e+01,-3.488020e+00
4.438850e+01,4.867694e+01,4.944825e+01,-7.043995e+00
6.092256e+01,5.372775e+01,5.201900e+01,-1.576883e+01
3.624188e+01,3.936375e+01,4.756137e+01,-8.187950e+00
3.046881e+01,5.042081e+01,5.219450e+01,-2.494839e+00
6.005850e+01,4.650400e+01,5.418250e+01,-1.685243e+01
5.464869e+01,4.884144e+01,5.170625e+01,-3.337266e+00
4.441531e+01,4.734669e+01,4.832506e+01,6.289592e-01
6.321975e+01,5.576794e+01,4.928044e+01,-8.507044e+00
2.320525e+01,3.364713e+01,4.085175e+01,-1.043650e+01
6.760800e+01,5.561975e+01,4.865325e+01,-5.615165e-01
4.539269e+01,4.638012e+01,4.805794e+01,-6.560621e+00
5.211631e+01,4.604963e+01,5.225069e+01,-9.456834e+00
2.630550e+01,3.953400e+01,5.145075e+01,-1.807486e+01
5.587344e+01,5.416088e+01,5.556459e+01,-3.052993e+00
2.816400e+01,4.630544e+01,5.209244e+01,-5.071397e+00
1.123837e+01,3.175613e+01,3.927475e+01,-2.767778e+00
3.160981e+01,3.754713e+01,5.483163e+01,-1.179928e+01
5.642806e+01,5.076644e+01,5.293787e+01,-4.618779e-01
2.371900e+01,2.857300e+01,4.169050e+01,-6.378814e+00
3.062013e+01,3.455463e+01,4.859363e+01,-6.019599e+00
2.465100e+01,3.279000e+01,4.096550e+01,-6.871396e+00
3.808100e+01,4.322213e+01,4.721363e+01,-3.370701e+00
5.074900e+01,4.579212e+01,5.412762e+01,-4.001442e+00
4.242650e+01,4.962138e+01,5.575869e+01,-1.786179e+01
1.410375e+01,3.043263e+01,3.812600e+01,-2.752698e+00
6.044325e+01,4.996994e+01,5.637375e+01,-2.222578e+01
6.512375e+01,5.076087e+01,5.403275e+01,-2.900100e+00
4.866737e+01,4.261600e+01,5.419400e+01,-3.750989e+00
3.368519e+01,4.274287e+01,5.941500e+01,-1.191537e+00
6.564738e+01,5.519763e+01,5.413375e+01,3.606491e+00
6.643263e+01,4.881144e+01,4.654313e+01,-2.181885e+01
2.185500e+01,3.543225e+01,3.093825e+01,-6.917886e+00
1.784887e+01,2.603712e+01,3.497800e+01,-2.055661e+01
6.532012e+01,5.416781e+01,4.772731e+01,-5.035979e+00
2.510700e+01,3.316456e+01,4.796712e+01,-1.767980e+01
1.438625e+01,2.954625e+01,3.954962e+01,-6.792720e-01
2.501250e+01,4.088487e+01,5.911450e+01,-3.503923e+00
7.450050e+01,5.170450e+01,5.173175e+01,-5.631023e+00
2.047013e+01,3.114462e+01,3.428844e+01,-5.989360e+00
5.754950e+01,5.418613e+01,5.789650e+01,-2.209587e+00
1.221750e+01,2.791075e+01,2.389250e+01,-1.369250e+01
2.052450e+01,3.646450e+01,3.062075e+01,-4.211253e+00
2.797162e+01,3.129563e+01,4.863700e+01,-6.522872e+00
1.763663e+01,2.745744e+01,4.150088e+01,-1.077909e+01
3.729794e+01,4.891125e+01,5.507800e+01,-6.869831e+00
1.983494e+01,3.062044e+01,3.778063e+01,-4.591378e+00
3.155025e+01,4.524500e+01,5.877013e+01,-1.355311e+01
2.522300e+01,3.130306e+01,4.545069e+01,-7.218776e+00
2.497056e+01,3.510037e+01,4.742069e+01,-9.111169e+00
1.277925e+01,2.980638e+01,2.315713e+01,-7.323337e+00
1.355044e+01,3.362237e+01,3.247275e+01,-7.215278e+00
3.042825e+01,4.157175e+01,6.154200e+01,-2.040129e+01
1.549387e+01,3.345850e+01,4.199238e+01,-7.345299e+00
6.524319e+01,5.174431e+01,5.489575e+01,-2.050227e+00
3.551975e+01,4.141075e+01,5.594375e+01,-4.764684e+00
1.355425e+01,3.603669e+01,3.606325e+01,-2.314936e+01
2.063062e+01,3.643150e+01,3.758569e+01,2.421843e+00
7.343150e+01,5.325625e+01,5.417275e+01,-5.300876e+00
1.509069e+01,3.208038e+01,4.404481e+01,-6.177038e+00
4.779856e+01,4.734150e+01,5.199181e+01,6.269003e-02
1.913400e+01,3.526225e+01,3.960775e+01,-2.179554e+01
1.677450e+01,3.201006e+01,4.218837e+01,-8.872491e+00
8.820312e+00,3.401863e+01,2.395350e+01,-2.147313e+01
1.566575e+01,2.699213e+01,2.448763e+01,-1.835535e+01
1.476656e+01,3.534256e+01,3.700225e+01,-1.493491e+01
3.012969e+01,4.340625e+01,4.559500e+01,-1.925768e+01
2.725225e+01,4.218000e+01,5.943800e+01,-1.455873e+01
3.856687e+01,4.395412e+01,5.112775e+01,-3.492473e+00
2.884688e+01,4.420281e+01,5.541313e+01,-5.207657e+00
2.091825e+01,2.502775e+01,4.072413e+01,-9.135740e+00
2.327088e+01,3.105788e+01,3.418712e+01,-3.268460e+00
2.575875e+01,3.962625e+01,5.897300e+01,-6.287856e+00
4.606188e+01,4.375131e+01,4.824406e+01,-1.030359e+01
4.743300e+01,4.359250e+01,4.811900e+01,-8.048217e+00
2.407050e+01,2.945450e+01,4.238850e+01,-7.206477e+00
2.070819e+01,3.498313e+01,2.893125e+01,-2.355005e+00
1.279050e+01,3.234231e+01,2.968250e+01,-8.548210e+00
3.431450e+01,4.266200e+01,5.580750e+01,-4.875174e+00
3.252837e+01,3.621738e+01,5.254412e+01,-1.975879e+01
4.415200e+01,5.189425e+01,4.761812e+01,-2.098213e+01
2.687375e+01,3.787281e+01,4.568219e+01,-1.538498e+01
1.391725e+01,2.942350e+01,4.222350e+01,-8.297884e+00
1.306325e+01,3.142675e+01,3.837438e+01,-5.380209e+00
4.986944e+01,4.874844e+01,5.418363e+01,-4.727883e+00
4.175025e+01,4.765800e+01,5.576650e+01,-2.261595e+01
3.040900e+01,3.353500e+01,4.696450e+01,-4.195939e+00
2.660506e+01,3.291837e+01,5.396019e+01,-5.599490e+00
2.835775e+01,3.423550e+01,5.217850e+01,-1.487324e+01
6.283169e+01,5.504694e+01,5.154650e+01,-6.503694e+00
3.870000e+01,4.146725e+01,5.111675e+01,-1.315987e+01
4.863938e+01,4.230412e+01,4.900000e+01,-4.708055e+00
5.325375e+01,5.122300e+01,5.404075e+01,-7.537452e+00
7.365212e+01,5.586200e+01,4.822437e+01,1.896615e+01
3.494550e+01,4.010737e+01,5.517950e+01,-3.568504e+00
4.316281e+01,4.982975e+01,4.600675e+01,-1.996335e+01
1.372925e+01,3.459425e+01,3.487400e+01,-2.025967e+01
5.350369e+01,4.898406e+01,4.956419e+01,-6.542506e+00
1.538981e+01,2.968944e+01,4.220087e+01,-7.535288e+00
2.748250e+01,4.110600e+01,5.416575e+01,2.531485e+00
1.138637e+01,3.101344e+01,2.900244e+01,-8.692491e+00
1.843731e+01,3.526928e+01,2.892450e+01,-4.599447e+00
1.380569e+01,3.755156e+01,3.360125e+01,-1.299863e+01
7.116688e+01,5.113762e+01,4.959900e+01,2.110013e+00
1.958200e+01,3.131456e+01,4.255969e+01,-2.408453e+01
4.682738e+01,4.057375e+01,5.262431e+01,-4.203540e+00
2.485162e+01,3.731019e+01,5.231081e+01,-5.346066e+00
2.577619e+01,4.017544e+01,5.264012e+01,-1.364293e+01
3.497394e+01,3.954050e+01,4.618500e+01,-5.536184e+00
1.578363e+01,2.823738e+01,3.890850e+01,-3.078839e+00
3.293625e+01,4.042175e+01,4.577325e+01,-1.092971e+01
5.890013e+01,5.414450e+01,5.245100e+01,-3.379501e+00
5.167600e+01,5.255675e+01,5.018900e+01,-1.512380e+01
1.033300e+01,3.131825e+01,2.561275e+01,-1.512349e+01
1.189275e+01,2.962275e+01,4.013200e+01,-5.431861e+00
5.006012e+01,5.023262e+01,5.195412e+01,-4.093951e-01
1.578725e+01,2.951212e+01,2.414688e+01,-6.786695e+00
1.537637e+01,3.792975e+01,3.650775e+01,-2.472625e+01
3.402556e+01,4.061650e+01,5.964631e+01,-5.078824e+00
2.185963e+01,3.279188e+01,3.779800e+01,-4.438744e+00
1.925469e+01,2.659606e+01,3.525763e+01,-3.042946e+01
3.476250e+01,5.000212e+01,5.534806e+01,-5.887649e+00
1.326000e+01,3.319250e+01,4.217550e+01,-1.060468e+01
5.434825e+01,5.242100e+01,4.745075e+01,-2.199951e+01
1.466387e+01,2.807894e+01,2.201550e+01,-2.935271e+01
2.270956e+01,2.364631e+01,3.990050e+01,-1.708030e+01
2.046375e+01,2.959650e+01,3.290350e+01,-6.337395e+00
2.764656e+01,3.640031e+01,5.525875e+01,-9.034685e+00
1.348019e+01,3.376250e+01,4.106694e+01,-8.574983e+00
6.418350e+01,5.587387e+01,5.283344e+01,-2.709272e+00
1.145937e+01,2.954075e+01,3.135612e+01,-4.508163e+00
4.907162e+01,4.916975e+01,5.269125e+01,2.237918e+00
1.904087e+01,3.416469e+01,2.857863e+01,-3.091629e+00
4.990956e+01,4.690144e+01,5.447775e+01,-3.827390e+00
3.007575e+01,3.947338e+01,6.019700e+01,-1.491275e+01
2.021713e+01,2.817312e+01,4.500062e+01,-7.345238e+00
5.504000e+01,4.796475e+01,5.730988e+01,-4.207819e+00
2.160487e+01,3.354863e+01,2.977400e+01,-4.784998e+00
2.330281e+01,2.993812e+01,4.835412e+01,-9.796755e+00
7.264200e+01,5.567419e+01,5.168887e+01,-1.682150e-02
2.243500e+01,3.575300e+01,3.551100e+01,-3.448347e+00
2.379750e+01,3.299900e+01,3.279300e+01,-7.525309e+00
2.069400e+01,2.969975e+01,4.758675e+01,-1.614255e+01
6.282969e+01,5.355463e+01,5.509269e+01,-1.087543e+00
4.317562e+01,4.089650e+01,4.990675e+01,-4.976595e+00
2.776550e+01,4.010300e+01,4.536475e+01,-7.983648e+00
4.305181e+01,4.517356e+01,4.833469e+01,-3.020860e+00
5.528162e+01,4.586106e+01,5.375631e+01,-1.616411e+00
5.791131e+01,4.674869e+01,5.739775e+01,-2.382902e+00
5.598862e+01,4.713338e+01,5.312213e+01,-4.352048e+00
6.265212e+01,5.803081e+01,4.970575e+01,-1.804739e+01
2.243131e+01,3.188831e+01,3.632319e+01,-6.020831e+00
2.789225e+01,4.470213e+01,4.644613e+01,-1.543452e+01
3.244362e+01,3.800725e+01,5.616912e+01,-1.235648e+01
7.397938e+01,5.495613e+01,5.069150e+01,9.162609e+00
2.016806e+01,2.763275e+01,4.366850e+01,-8.482882e+00
2.797681e+01,4.386713e+01,6.022719e+01,-1.384083e+01
6.168331e+01,4.816881e+01,5.361050e+01,-4.051722e+00
1.573087e+01,2.811263e+01,3.325144e+01,-1.080691e+01
2.697719e+01,3.535481e+01,5.437175e+01,-1.171657e+00
4.091469e+01,4.571988e+01,5.299587e+01,-7.382962e+00
4.589288e+01,4.487875e+01,5.256113e+01,1.457553e-03
2.120406e+01,2.636637e+01,4.283500e+01,-6.692641e+00
5.833919e+01,5.545044e+01,5.375081e+01,-1.441568e+00
2.385775e+01,3.434825e+01,3.435513e+01,-1.250621e+01
2.432150e+01,4.171806e+01,5.840450e+01,3.794865e+00
1.614088e+01,2.776562e+01,4.095700e+01,-5.973304e+00
4.015600e+01,4.427700e+01,5.167213e+01,-6.414125e+00
3.084969e+01,3.719006e+01,4.896269e+01,-8.804998e+00
3.848825e+01,4.028800e+01,4.849350e+01,-7.557374e+00
2.922150e+01,3.123725e+01,4.841475e+01,-5.948466e+00
1.712000e+01,3.497912e+01,3.819187e+01,-1.673172e+01
5.884838e+01,5.434950e+01,5.767538e+01,-2.748736e+00
4.861850e+01,4.039838e+01,5.108487e+01,-4.210629e+00
2.706325e+01,4.262438e+01,6.100306e+01,-2.402500e+01
6.695419e+01,5.779169e+01,4.938412e+01,-4.035317e+00
5.554125e+01,5.349925e+01,5.714950e+01,-4.700740e+00
2.406375e+01,3.022800e+01,4.730975e+01,-8.860974e+00
3.075362e+01,4.938400e+01,5.070325e+01,-2.342830e+00
1.501181e+01,2.933931e+01,4.122463e+01,-5.687965e+00
3.436162e+01,3.913638e+01,5.758950e+01,-4.077204e+00
1.046231e+01,2.978625e+01,4.398306e+01,-9.961030e+00
3.398287e+01,4.705219e+01,4.799200e+01,-2.198429e+00
3.540937e+01,4.667788e+01,4.759300e+01,-8.229279e+00
3.838137e+01,4.755262e+01,5.445675e+01,-3.217945e+00
6.058825e+01,5.427788e+01,5.307737e+01,-6.801183e+00
2.553244e+01,3.365387e+01,4.989881e+01,-1.233515e+01
5.666094e+01,5.513162e+01,5.407775e+01,-3.075755e+00
1.308887e+01,3.474975e+01,2.299606e+01,-5.893893e+00
2.873306e+01,3.678056e+01,5.525406e+01,-1.324932e+01
3.606231e+01,4.075019e+01,4.655038e+01,-8.107934e+00
7.152263e+01,5.147325e+01,5.333344e+01,9.201835e+00
5.274144e+01,4.821206e+01,5.489937e+01,-1.250421e+01
6.351131e+01,5.395531e+01,5.039238e+01,-7.023847e+00
2.028800e+01,3.018550e+01,3.170600e+01,-5.280317e+00
1.419431e+01,2.729006e+01,2.691388e+01,-5.780935e+00
1.688575e+01,2.790975e+01,3.679125e+01,-6.559295e+00
4.235956e+01,4.520047e+01,5.338412e+01,-6.768153e+00
1.418850e+01,3.385375e+01,3.053275e+01,-1.195897e+01
6.509688e+01,5.092669e+01,4.867238e+01,-8.268480e+00
3.256338e+01,3.873538e+01,5.069425e+01,-2.021643e+00
3.515263e+01,4.421231e+01,5.351206e+01,-5.809132e+00
3.525181e+01,4.295212e+01,4.620531e+01,-3.567832e+00
6.841275e+01,5.004913e+01,4.880725e+01,-3.191834e+00
1.292933e+01,3.456469e+01,2.619489e+01,-9.498419e+00
1.886900e+01,2.798562e+01,3.562100e+01,-1.374713e+01
1.963259e+01,2.651116e+01,4.192456e+01,-5.511355e+00
3.283709e+01,4.954597e+01,5.001847e+01,1.338780e+00
6.940409e+01,5.348197e+01,4.714275e+01,-4.610550e+00
2.102800e+01,3.416100e+01,4.176200e+01,-1.018182e+01
1.567413e+01,3.220825e+01,3.561956e+01,-7.775952e+00
2.923800e+01,4.535100e+01,5.027400e+01,-6.922890e+00
3.229591e+01,4.651600e+01,4.976191e+01,-2.862712e+00
2.184750e+01,3.404700e+01,4.026600e+01,-7.742453e+00
2.749719e+01,3.323913e+01,4.383525e+01,2.733845e+00
2.892350e+01,3.489100e+01,5.333850e+01,-9.492273e+00
2.103794e+01,3.622742e+01,3.411120e+01,-3.788630e+00
1.428800e+01,3.505094e+01,3.214825e+01,-8.986659e+00
6.727306e+01,5.266503e+01,4.620319e+01,-6.433133e+00
6.674481e+01,5.065225e+01,4.909894e+01,-5.732692e+00
3.739106e+01,4.519962e+01,5.273269e+01,-5.176257e-01
5.496200e+01,5.282575e+01,5.250750e+01,-4.540181e+00
3.556000e+01,4.811644e+01,4.956206e+01,-1.089734e+01
2.009313e+01,3.042328e+01,4.592416e+01,-7.310882e+00
2.077700e+01,3.211100e+01,4.189000e+01,-1.138923e+01
5.677534e+01,5.188856e+01,5.766916e+01,-3.395114e+00
2.930381e+01,3.115662e+01,4.673137e+01,-5.385838e+00
3.301766e+01,3.966175e+01,5.835425e+01,-3.043079e+00
3.275337e+01,4.172656e+01,4.641450e+01,-5.064425e+00
2.064975e+01,3.396225e+01,4.082863e+01,-9.122303e+00
1.222175e+01,3.324775e+01,4.009250e+01,-6.783447e+00
2.259456e+01,3.507700e+01,3.736119e+01,-4.790150e+00
6.393044e+01,5.074138e+01,5.318219e+01,-1.091148e+00
3.396862e+01,4.439400e+01,5.655362e+01,-7.685547e+00
2.511381e+01,3.534853e+01,4.552844e+01,-6.091833e+00
4.503175e+01,4.126425e+01,5.278750e+01,-4.434722e+00
3.102050e+01,4.994131e+01,5.495712e+01,-1.093897e+00
2.342853e+01,3.505297e+01,4.414166e+01,-6.106078e+00
4.618072e+01,4.255975e+01,4.976834e+01,-4.389226e+00
5.534381e+01,5.177988e+01,5.436125e+01,-3.517698e+00
2.269400e+01,3.406900e+01,3.186300e+01,-1.198262e+01
5.315569e+01,5.373300e+01,5.064513e+01,-1.019923e+01
4.323950e+01,4.967725e+01,5.164150e+01,-5.776363e+00
3.597700e+01,4.963625e+01,5.379600e+01,-5.610149e+00
3.511394e+01,5.024850e+01,5.312994e+01,-6.967485e+00
4.439750e+01,5.110487e+01,4.937987e+01,-6.836513e+00
3.664625e+01,4.207037e+01,5.115119e+01,-8.793761e+00
1.331806e+01,2.680909e+01,2.545447e+01,-1.184829e+01
1.560706e+01,2.835581e+01,2.679341e+01,-7.366182e+00
3.619678e+01,3.881556e+01,5.064097e+01,-4.254388e+00
3.003806e+01,3.653969e+01,4.675756e+01,-1.676856e+01
3.917003e+01,4.919869e+01,4.980609e+01,-1.074117e+01
3.017625e+01,3.503575e+01,5.354700e+01,-2.722434e+01
2.863800e+01,4.775325e+01,5.130975e+01,-4.639458e+00
3.044400e+01,4.718113e+01,4.980531e+01,-4.864592e+00
8.474750e+00,3.256238e+01,2.445262e+01,-1.967065e+01
1.385200e+01,3.273425e+01,2.825250e+01,-2.541999e+01
5.332947e+01,4.653331e+01,5.274847e+01,-2.168135e+01
2.198403e+01,3.162114e+01,3.039941e+01,-4.312233e+00
6.180088e+01,5.121859e+01,5.547006e+01,1.332910e+00
6.372731e+01,5.756925e+01,5.137675e+01,-9.311106e+00
1.282625e+01,3.264000e+01,4.313725e+01,-1.002322e+01
3.544131e+01,4.172638e+01,5.270947e+01,-4.608219e+00
2.911994e+01,3.515550e+01,4.584297e+01,-1.097499e+01
5.217375e+01,5.197625e+01,4.808950e+01,-1.637767e+01
2.686825e+01,4.212450e+01,4.833950e+01,-7.003615e+00
6.055706e+01,5.211616e+01,5.176758e+01,-7.104562e+00
3.044800e+01,3.724650e+01,5.549300e+01,-1.306749e+01
2.438730e+01,3.446197e+01,4.569409e+01,-8.276402e+00
7.141229e+01,5.420467e+01,4.719691e+01,-3.270889e+00
2.534400e+01,4.216950e+01,5.556000e+01,-2.379807e+00
