5.616600e+01,4.374400e+01,2.756700e+01,-3.308412e+00
2.748500e+01,4.033550e+01,4.578250e+01,-4.023527e+00
2.847250e+01,3.777550e+01,4.717500e+01,-1.492001e+01
2.839000e+01,2.605200e+01,5.659100e+01,-9.525432e-01
3.256950e+01,3.851450e+01,3.223100e+01,-1.281097e+01
2.678300e+01,2.709850e+01,5.638950e+01,-1.370084e+00
2.788800e+01,2.553200e+01,4.839600e+01,2.037009e+00
5.422900e+01,6.061950e+01,3.413950e+01,-2.562661e+00
4.846950e+01,4.971500e+01,3.142700e+01,-1.317614e+01
5.628300e+01,5.799100e+01,4.493550e+01,-4.154164e+00
3.854100e+01,4.312650e+01,3.348550e+01,-2.194373e+01
5.452500e+01,5.141600e+01,2.269400e+01,-1.112923e+01
3.644250e+01,4.326550e+01,3.876350e+01,-1.870585e+01
5.690900e+01,6.084900e+01,3.637950e+01,-1.358118e+01
4.614300e+01,4.056100e+01,3.927600e+01,-1.702627e+00
2.636550e+01,2.722350e+01,5.118500e+01,-5.089670e+00
5.255900e+01,5.026500e+01,4.318400e+01,-2.954599e+00
6.069850e+01,6.051150e+01,4.107050e+01,-1.637762e+01
2.493800e+01,4.448750e+01,4.298100e+01,-4.106701e+00
4.612750e+01,4.561400e+01,4.518600e+01,-1.272927e+01
4.710700e+01,4.711750e+01,4.073900e+01,-4.943668e+00
4.255200e+01,4.826500e+01,4.151000e+01,-1.219689e+01
5.545550e+01,5.165050e+01,4.561050e+01,-3.665668e+00
5.198450e+01,5.247000e+01,3.861700e+01,-6.234202e+00
3.810350e+01,4.360650e+01,3.430050e+01,-2.379437e+01
3.843600e+01,4.433750e+01,3.755550e+01,-9.750012e+00
3.435600e+01,3.038050e+01,3.288500e+01,-1.025975e+01
5.775800e+01,5.296050e+01,3.010300e+01,-1.323844e+00
2.816700e+01,3.596800e+01,6.194400e+01,-1.711558e+01
3.961100e+01,3.571100e+01,3.689700e+01,-1.892228e+01
3.215450e+01,3.411450e+01,4.847500e+01,-2.107029e+01
3.839600e+01,4.869500e+01,3.725250e+01,-6.494935e+00
2.435000e+01,4.498500e+01,4.196000e+01,-1.493221e+01
5.528100e+01,5.145650e+01,3.223050e+01,-4.726914e+00
3.216250e+01,4.245550e+01,4.092600e+01,-1.324062e+01
2.693100e+01,4.538200e+01,3.991300e+01,-1.155373e+01
5.423100e+01,4.355750e+01,2.642100e+01,-5.107232e+00
3.024300e+01,4.049350e+01,4.689900e+01,-6.627661e+00
3.742400e+01,4.107650e+01,3.339350e+01,-2.386424e+01
5.958100e+01,6.173900e+01,4.206000e+01,-1.499945e+01
5.828200e+01,5.251950e+01,3.196850e+01,-3.870533e+00
4.536050e+01,4.360900e+01,4.096900e+01,-1.321509e+01
3.249900e+01,2.916000e+01,5.170000e+01,-6.864661e+00
3.369500e+01,3.419400e+01,3.104200e+01,-5.505124e+00
3.649850e+01,3.234300e+01,4.373450e+01,-5.162402e+00
2.666700e+01,2.692000e+01,5.329900e+01,-3.379520e+00
4.386850e+01,4.810200e+01,4.306300e+01,-8.533393e+00
5.212675e+01,5.340400e+01,4.031775e+01,-7.298941e+00
2.660000e+01,3.583600e+01,4.272700e+01,-5.341653e+00
2.649450e+01,2.679475e+01,5.216625e+01,-3.156754e+00
3.097275e+01,2.648650e+01,4.640700e+01,-5.393529e+00
2.868350e+01,3.493250e+01,4.993950e+01,-3.597412e+00
4.418225e+01,4.932675e+01,3.989825e+01,-1.135448e+01
3.668850e+01,2.898450e+01,4.137650e+01,-2.032841e+00
2.450100e+01,3.254150e+01,4.577000e+01,-1.314009e+01
5.256700e+01,5.615800e+01,3.692700e+01,1.509163e-01
4.593600e+01,5.057625e+01,4.022150e+01,-7.842793e+00
3.806625e+01,4.418975e+01,4.140800e+01,-3.370702e+00
2.448600e+01,2.514625e+01,5.794600e+01,-1.833276e+01
3.556750e+01,3.503500e+01,3.213650e+01,-3.140076e+00
4.401850e+01,4.783000e+01,4.474725e+01,-7.548688e+00
4.257700e+01,4.186400e+01,4.236500e+01,-7.697835e+00
3.479900e+01,2.922475e+01,4.270000e+01,-1.144556e+01
5.006450e+01,4.965875e+01,2.604225e+01,-8.954840e+00
3.256375e+01,3.206950e+01,4.775300e+01,-8.319376e+00
3.640800e+01,3.127950e+01,4.383150e+01,-6.248433e+00
2.671925e+01,4.284050e+01,3.865825e+01,-5.906453e+00
3.826500e+01,3.868900e+01,4.120600e+01,-7.004748e+00
3.323925e+01,4.121000e+01,3.877250e+01,-8.435942e+00
5.121950e+01,5.000050e+01,4.322500e+01,-5.682611e+00
4.253175e+01,4.650425e+01,4.241575e+01,-1.649363e+01
3.282438e+01,2.613375e+01,5.782350e+01,-3.495542e+00
5.455000e+01,5.121125e+01,3.307488e+01,-2.652185e+00
5.416000e+01,4.445562e+01,2.589013e+01,-3.051367e-01
2.577300e+01,2.904300e+01,4.246400e+01,8.234561e-02
4.006650e+01,4.017800e+01,3.862050e+01,-5.266383e+00
3.223450e+01,4.103400e+01,4.368925e+01,-1.410127e+01
4.649125e+01,4.473950e+01,3.708750e+01,-3.631231e+00
5.145650e+01,5.224300e+01,2.373500e+01,-6.299433e+00
4.898850e+01,4.630150e+01,2.598700e+01,4.043611e+00
2.611625e+01,3.528250e+01,4.685175e+01,-5.784041e+00
3.422775e+01,3.570375e+01,3.230775e+01,-3.226806e+00
3.509000e+01,3.125700e+01,4.028300e+01,-1.123432e+01
2.631300e+01,2.890650e+01,6.011900e+01,-7.017767e+00
5.567400e+01,5.210900e+01,3.132800e+01,-8.786511e+00
2.923700e+01,2.894300e+01,6.080800e+01,-7.508445e+00
5.525600e+01,5.987800e+01,4.138100e+01,-1.311075e+01
3.226000e+01,3.509825e+01,3.830925e+01,-7.188143e+00
4.645350e+01,5.076750e+01,4.437300e+01,-2.476936e+00
4.644750e+01,4.335925e+01,3.765925e+01,-2.739255e+00
3.740938e+01,4.291712e+01,3.383850e+01,-2.315332e+01
2.489325e+01,2.471125e+01,4.646650e+01,-1.868061e+01
2.832300e+01,4.387800e+01,4.283250e+01,-4.210804e+00
5.387700e+01,6.064400e+01,3.705400e+01,-4.848089e+00
2.949200e+01,3.887950e+01,2.922225e+01,-1.797111e+01
3.491500e+01,2.985050e+01,4.376350e+01,-1.151641e+01
2.489600e+01,3.673925e+01,4.599725e+01,-1.220116e+01
2.754600e+01,3.592550e+01,3.752600e+01,-4.509307e+00
3.503250e+01,4.062175e+01,3.705700e+01,-9.558817e+00
4.235800e+01,4.357863e+01,3.808963e+01,-1.895642e+01
2.140950e+01,2.751225e+01,5.783150e+01,-1.479077e+01
3.274950e+01,4.555500e+01,4.544000e+01,-6.438250e+00
5.553375e+01,5.278300e+01,2.390650e+01,-1.061176e+01
4.853175e+01,5.169925e+01,4.457075e+01,-1.691276e+01
2.777775e+01,2.556525e+01,5.082000e+01,-6.484268e+00
5.536250e+01,5.404950e+01,4.505000e+01,-4.083833e+00
2.581125e+01,3.045250e+01,5.167500e+01,-6.120645e+00
3.177725e+01,3.329025e+01,5.569150e+01,-1.096362e+01
4.811550e+01,5.415250e+01,3.926750e+01,-1.123997e+01
2.809775e+01,2.566700e+01,5.817850e+01,-4.231301e+00
3.805850e+01,4.746775e+01,4.030000e+01,-5.950553e+00
2.681425e+01,3.202175e+01,3.762300e+01,-2.071565e+01
5.321150e+01,5.168300e+01,2.176200e+01,-1.129356e+01
2.867800e+01,3.570100e+01,5.367600e+01,-1.630771e+01
3.307700e+01,2.720450e+01,6.037250e+01,-4.154941e+00
5.304750e+01,4.361100e+01,2.642950e+01,-1.187090e+00
5.038850e+01,5.394000e+01,4.489250e+01,-6.665720e+00
5.543550e+01,5.582950e+01,2.774800e+01,-7.935613e+00
4.401300e+01,4.469700e+01,3.722400e+01,-5.862123e+00
5.309950e+01,5.530450e+01,3.423825e+01,-4.934182e+00
2.916900e+01,4.508550e+01,4.620300e+01,-5.182533e+00
3.719550e+01,3.178250e+01,4.304275e+01,-5.432739e+00
4.735050e+01,4.486600e+01,3.929800e+01,-4.784631e+00
3.242800e+01,3.320150e+01,4.221000e+01,-8.935717e+00
3.575700e+01,4.220600e+01,3.879350e+01,-1.524796e+01
3.413400e+01,3.390125e+01,3.695600e+01,-1.375564e+01
2.859325e+01,3.591300e+01,3.912375e+01,-3.619336e+00
2.802125e+01,2.558687e+01,4.983662e+01,-5.546172e+00
3.145550e+01,2.937800e+01,5.570700e+01,-3.340263e+00
5.452050e+01,5.303200e+01,4.319400e+01,-7.355616e+00
3.217000e+01,2.920550e+01,4.013300e+01,-5.640254e+00
4.854725e+01,4.674250e+01,4.538175e+01,-1.812562e+01
2.421850e+01,2.588100e+01,5.700600e+01,-1.625014e+01
3.994225e+01,4.133375e+01,3.637025e+01,-6.448513e+00
3.589700e+01,3.758450e+01,4.059750e+01,-3.741393e+00
2.926325e+01,4.278100e+01,3.811500e+01,-2.827045e+00
5.439025e+01,4.913275e+01,4.166425e+01,-4.442864e+00
2.531700e+01,3.952650e+01,3.854050e+01,-5.472281e+00
2.844900e+01,3.457150e+01,6.231700e+01,-1.698243e+01
5.029050e+01,5.190275e+01,4.819350e+01,-5.310477e+00
2.643650e+01,3.147450e+01,3.837950e+01,-1.858748e+01
3.948950e+01,3.305850e+01,3.644050e+01,-1.669805e+01
3.500050e+01,3.321350e+01,4.526800e+01,-6.621426e+00
2.645700e+01,2.506800e+01,4.334700e+01,-8.543457e+00
4.436100e+01,4.991575e+01,4.263750e+01,-1.312026e+01
3.637900e+01,4.278100e+01,3.563300e+01,-2.702289e+01
2.900800e+01,3.288500e+01,6.228000e+01,-1.606170e+01
4.313800e+01,4.850925e+01,3.776475e+01,-5.786649e+00
3.665100e+01,3.048600e+01,4.282250e+01,-3.509902e+00
3.291275e+01,3.491975e+01,3.751025e+01,-1.161734e+01
3.882500e+01,4.650425e+01,4.143900e+01,-4.952045e+00
3.468525e+01,3.109475e+01,5.743725e+01,-7.590111e+00
5.136600e+01,5.221225e+01,2.524250e+01,-4.433548e+00
4.755925e+01,5.658875e+01,3.951050e+01,-2.133208e+01
3.486500e+01,3.007250e+01,3.374150e+01,-6.039523e+00
2.729375e+01,3.441125e+01,5.057100e+01,-1.792281e-01
5.879463e+01,5.841500e+01,4.392750e+01,-5.559096e+00
3.391537e+01,3.846450e+01,3.589950e+01,-2.473362e+01
3.530250e+01,3.484625e+01,5.401250e+01,-1.957576e+01
4.712200e+01,4.763750e+01,4.717900e+01,-1.625690e+01
3.942700e+01,3.379225e+01,3.792575e+01,-2.119450e+01
4.986988e+01,4.928450e+01,3.084587e+01,-1.289206e+01
5.418350e+01,5.222100e+01,3.282575e+01,-5.059834e+00
6.231575e+01,5.877825e+01,4.153700e+01,-1.667738e+01
2.558550e+01,3.138175e+01,3.909763e+01,-9.347958e+00
5.465975e+01,4.732525e+01,2.713250e+01,2.228304e-02
2.536000e+01,4.454000e+01,4.165300e+01,-1.442418e+01
3.022025e+01,3.828312e+01,2.886250e+01,-1.285755e+01
5.398013e+01,5.611200e+01,3.999300e+01,-2.326175e+01
2.925750e+01,3.711075e+01,5.184925e+01,-1.809814e+01
2.907575e+01,3.642825e+01,6.044200e+01,-1.908885e+01
3.525350e+01,3.932575e+01,4.198825e+01,-7.224999e+00
4.838100e+01,4.955425e+01,2.836550e+01,-7.026908e+00
2.465950e+01,2.390650e+01,4.588000e+01,-1.706048e+01
5.575000e+01,6.194750e+01,3.536400e+01,-1.760682e+01
2.904000e+01,3.657750e+01,6.144600e+01,-1.906325e+01
2.735000e+01,2.199950e+01,4.388050e+01,-1.473879e+01
3.512000e+01,3.102250e+01,3.204100e+01,-1.683976e+01
6.016000e+01,6.129750e+01,4.393900e+01,-1.736584e+01
3.841000e+01,4.125250e+01,3.274100e+01,-2.107366e+01
4.966000e+01,5.036250e+01,3.272900e+01,-1.866882e+01
4.681000e+01,4.648250e+01,4.717900e+01,-1.799876e+01
3.397000e+01,3.606850e+01,4.101200e+01,-6.655230e+00
4.863525e+01,4.910200e+01,4.002600e+01,-1.600900e+01
2.778200e+01,2.686900e+01,5.624800e+01,-1.260532e+00
3.477350e+01,2.945825e+01,3.588425e+01,-8.193707e-01
3.000000e+01,2.460475e+01,5.947025e+01,-4.452052e+00
3.158900e+01,3.441650e+01,5.047750e+01,-1.624969e+01
5.473625e+01,5.083150e+01,2.374700e+01,-4.676878e+00
2.904150e+01,2.521400e+01,5.883350e+01,-3.882497e+00
2.925750e+01,3.728275e+01,5.285600e+01,-1.977511e+01
3.350525e+01,3.060625e+01,5.552950e+01,-9.720218e+00
3.382350e+01,3.704950e+01,3.265150e+01,-3.916699e+00
3.144400e+01,3.587800e+01,5.331950e+01,-2.081378e+01
3.948600e+01,3.610200e+01,3.566900e+01,-1.810762e+01
3.159250e+01,3.190350e+01,4.888000e+01,-1.479918e+01
5.080100e+01,5.295725e+01,4.833500e+01,-4.875434e+00
2.606425e+01,3.732450e+01,3.864500e+01,-4.094620e+00
3.902000e+01,4.813250e+01,3.665475e+01,-6.851308e+00
4.837350e+01,4.864250e+01,4.414950e+01,-1.034674e+01
4.327625e+01,4.434925e+01,3.780450e+01,-1.431323e+01
4.750175e+01,5.028775e+01,3.069600e+01,-1.823564e+01
5.508525e+01,4.924350e+01,2.716025e+01,-1.424333e+01
2.286650e+01,2.907425e+01,5.701875e+01,-1.638095e+01
3.144600e+01,3.471950e+01,5.725725e+01,-2.136398e+01
4.964500e+01,4.711150e+01,2.616000e+01,5.247217e+00
3.028775e+01,3.447100e+01,5.754825e+01,-1.547333e+01
3.849800e+01,4.157300e+01,4.302650e+01,-6.924218e+00
5.836450e+01,5.548000e+01,3.565000e+01,-8.723202e+00
3.366025e+01,2.724800e+01,5.824850e+01,-4.607676e+00
4.735950e+01,4.824800e+01,4.635900e+01,-1.899198e+01
2.432150e+01,3.053775e+01,5.801300e+01,-6.599193e+00
2.457325e+01,2.960775e+01,5.594475e+01,-6.515631e+00
5.547600e+01,5.936200e+01,3.962400e+01,-5.106265e+00
3.180600e+01,3.707500e+01,4.833700e+01,-7.758623e+00
5.691000e+01,5.237400e+01,2.638550e+01,2.653858e-02
4.329150e+01,4.993450e+01,4.175225e+01,-1.402370e+01
2.464975e+01,3.117950e+01,4.044625e+01,-6.232883e+00
5.433250e+01,4.719850e+01,2.616850e+01,2.736326e+00
4.697400e+01,4.520825e+01,3.811025e+01,-4.088624e-01
4.759075e+01,4.992050e+01,4.438975e+01,-5.596458e+00
5.459350e+01,6.057450e+01,3.816050e+01,-5.085008e+00
3.587950e+01,2.972550e+01,3.571950e+01,-5.761852e-01
2.530450e+01,3.120050e+01,4.723100e+01,-7.254353e+00
4.766975e+01,5.075125e+01,2.896800e+01,-1.625125e+01
3.696000e+01,2.944900e+01,4.223500e+01,-2.536810e+00
5.283000e+01,5.523900e+01,3.618600e+01,-2.459400e+00
2.509700e+01,2.371800e+01,4.497750e+01,-1.931212e+01
5.576975e+01,5.159175e+01,3.940025e+01,-4.502862e+00
4.220050e+01,4.087950e+01,4.294475e+01,-6.789520e+00
2.454025e+01,3.176975e+01,4.395675e+01,-1.277792e+01
6.039700e+01,5.831250e+01,4.031200e+01,-9.460654e+00
3.903900e+01,4.603500e+01,3.669200e+01,-8.044083e+00
4.190100e+01,4.981325e+01,3.849525e+01,-2.080930e+00
2.455250e+01,2.837675e+01,4.718325e+01,-1.728082e+01
5.071550e+01,5.545450e+01,4.434550e+01,-1.345714e+01
3.711950e+01,3.412750e+01,3.824050e+01,-9.342377e+00
5.892850e+01,6.053925e+01,4.367025e+01,-1.486709e+01
3.119700e+01,4.463500e+01,4.246700e+01,-7.647829e+00
4.759300e+01,5.208050e+01,2.910675e+01,-1.805558e+01
3.661300e+01,3.632750e+01,3.979950e+01,-5.475404e+00
2.899575e+01,3.875225e+01,3.103175e+01,-1.336435e+01
2.563075e+01,2.634850e+01,5.729150e+01,-1.291829e+01
4.348775e+01,4.411450e+01,4.140175e+01,-1.811772e+01
3.343250e+01,3.314925e+01,3.651125e+01,-1.169736e+01
3.859150e+01,4.375850e+01,4.226150e+01,-3.180923e+00
4.682900e+01,4.207625e+01,4.019000e+01,-1.895612e+00
2.765600e+01,2.475950e+01,4.693800e+01,-9.271188e+00
2.410600e+01,4.262700e+01,3.856325e+01,-4.672853e+00
5.200250e+01,5.162475e+01,3.025800e+01,-7.580412e+00
5.455750e+01,5.701900e+01,4.573050e+01,1.833344e+00
4.806075e+01,4.820400e+01,4.098650e+01,-1.382795e+01
5.069375e+01,5.050325e+01,3.222875e+01,-2.020404e+01
3.235600e+01,2.660200e+01,4.410100e+01,-6.789903e+00
4.807150e+01,4.750200e+01,4.633250e+01,-1.648435e+01
2.388400e+01,3.005325e+01,5.693625e+01,-7.302139e+00
6.188275e+01,5.859325e+01,4.272250e+01,-1.742988e+01
5.596863e+01,5.241188e+01,3.004887e+01,-1.875554e+01
5.542825e+01,4.310475e+01,2.720525e+01,-2.914449e+00
2.911700e+01,2.593200e+01,4.289250e+01,-9.457912e+00
2.952150e+01,3.200875e+01,6.155400e+01,-1.746684e+01
5.607200e+01,5.152700e+01,2.615400e+01,-3.335687e+00
5.686800e+01,5.585650e+01,3.957550e+01,-9.703516e+00
2.684400e+01,3.662925e+01,3.824600e+01,1.324692e+00
3.324450e+01,3.051800e+01,6.091000e+01,-1.530018e+01
4.683875e+01,4.138800e+01,3.825200e+01,-8.757151e-01
3.674600e+01,2.956925e+01,4.043575e+01,-6.094830e+00
2.957600e+01,3.543000e+01,4.282400e+01,-2.687919e+00
3.734500e+01,4.207625e+01,3.316375e+01,-2.037030e+01
5.628650e+01,5.150875e+01,3.194800e+01,-4.145792e+00
5.556775e+01,4.945625e+01,3.959225e+01,-4.350712e+00
4.047550e+01,4.421950e+01,4.198300e+01,-5.972446e+00
3.570900e+01,2.875750e+01,4.187200e+01,-1.238705e+01
5.224550e+01,5.452650e+01,2.209450e+01,-2.137441e+01
3.428000e+01,3.195250e+01,5.878300e+01,-6.960810e+00
2.747525e+01,3.750450e+01,4.708475e+01,-1.590157e+01
5.431325e+01,5.889625e+01,4.351975e+01,-6.613833e+00
2.912250e+01,3.097275e+01,3.827700e+01,-1.956369e+01
5.303700e+01,5.583900e+01,3.512300e+01,-1.693988e+00
2.885300e+01,3.572000e+01,5.919950e+01,-1.079184e+01
2.410050e+01,2.942600e+01,5.102450e+01,-1.671977e+00
5.782550e+01,5.622800e+01,3.646000e+01,-1.579142e+01
3.061275e+01,3.370525e+01,5.651775e+01,-9.176988e+00
5.457850e+01,4.840200e+01,4.083225e+01,-4.567950e+00
2.730975e+01,3.713275e+01,4.244100e+01,-7.412402e+00
2.350775e+01,2.847450e+01,5.911675e+01,-1.390508e+01
2.789900e+01,2.244150e+01,4.577200e+01,-1.643267e+01
2.461600e+01,2.833175e+01,4.840275e+01,-1.631671e+01
5.094325e+01,4.841200e+01,2.438975e+01,-1.457267e+01
3.149850e+01,4.345150e+01,4.071100e+01,-8.104104e+00
4.214500e+01,4.021050e+01,4.074600e+01,-6.853246e+00
3.297525e+01,4.172938e+01,4.143550e+01,-1.666110e+01
3.060150e+01,2.628550e+01,4.307600e+01,-1.513577e+01
5.286500e+01,5.269375e+01,3.506925e+01,-4.406795e+00
2.770575e+01,3.544550e+01,5.317175e+01,-8.702113e+00
5.319450e+01,5.661150e+01,3.774975e+01,-1.143208e+00
2.870600e+01,3.571350e+01,3.396075e+01,-1.062136e+01
2.905300e+01,2.804650e+01,6.013125e+01,-7.455234e+00
3.887225e+01,3.545600e+01,3.482625e+01,-2.215077e+01
5.622875e+01,4.458300e+01,2.701450e+01,-2.312515e+00
5.420400e+01,5.650075e+01,4.653650e+01,2.509697e+00
3.518900e+01,3.590700e+01,3.263200e+01,-1.939112e+00
3.774500e+01,3.730600e+01,3.877900e+01,-1.113497e+01
5.754950e+01,6.025600e+01,4.201950e+01,-6.059891e+00
3.951125e+01,3.386850e+01,3.553975e+01,-1.605976e+01
5.610950e+01,5.201275e+01,4.900350e+01,-3.789781e+00
5.416800e+01,5.565850e+01,4.105775e+01,-1.487618e+01
5.536650e+01,5.503350e+01,4.101975e+01,-1.196547e+01
3.355275e+01,3.256625e+01,5.367175e+01,-1.787415e+01
4.445825e+01,4.084300e+01,3.850125e+01,-3.751690e+00
5.540850e+01,5.068450e+01,3.989350e+01,-4.401357e+00
4.449675e+01,5.203325e+01,4.112675e+01,-7.360712e+00
3.667700e+01,4.361550e+01,3.989600e+01,-1.867235e+01
3.332900e+01,2.955825e+01,5.672275e+01,-5.439135e+00
5.027388e+01,5.345137e+01,4.691000e+01,-4.954331e+00
2.823575e+01,4.009450e+01,4.673650e+01,-6.309012e+00
3.134575e+01,3.016825e+01,5.074200e+01,-1.055529e+01
3.026375e+01,4.648275e+01,4.452650e+01,-1.343219e+00
2.970850e+01,2.526000e+01,4.344950e+01,-7.628593e+00
5.522825e+01,4.517775e+01,2.619625e+01,-1.998858e+00
5.557850e+01,5.105875e+01,3.618150e+01,-2.802067e+00
3.661275e+01,4.242550e+01,3.442575e+01,-1.713774e+01
3.481125e+01,3.332300e+01,4.218100e+01,-9.105082e+00
2.764563e+01,2.631050e+01,5.306550e+01,-3.226744e+00
5.350900e+01,5.701925e+01,3.865775e+01,-5.388563e+00
5.368350e+01,5.634375e+01,3.434700e+01,-3.911522e+00
5.374150e+01,5.840775e+01,4.261700e+01,-1.439435e+01
3.135200e+01,3.282350e+01,4.954100e+01,-1.576613e+01
3.777300e+01,3.820300e+01,3.608000e+01,-2.148121e+01
5.378575e+01,5.739575e+01,4.278075e+01,-9.362299e+00
5.177550e+01,4.933475e+01,3.869500e+01,-5.952170e+00
5.232050e+01,4.308825e+01,2.721500e+01,-1.378085e+01
5.177150e+01,5.363350e+01,4.862175e+01,-4.431053e+00
5.113350e+01,5.126950e+01,2.573600e+01,-3.950306e+00
2.810675e+01,3.330650e+01,4.151925e+01,-3.520540e+00
3.111800e+01,2.677525e+01,5.176750e+01,-8.274100e+00
2.790750e+01,3.521675e+01,5.928800e+01,-1.134162e+01
2.835175e+01,3.677200e+01,4.762325e+01,-1.621637e+01
2.458300e+01,2.853650e+01,5.055700e+01,8.019173e-01
2.615275e+01,3.373175e+01,3.777325e+01,-1.694982e+01
3.380250e+01,3.533850e+01,5.534650e+01,-1.828711e+01
5.201750e+01,4.298950e+01,2.849175e+01,-1.558108e+01
3.100725e+01,2.644575e+01,4.998800e+01,-8.342035e+00
3.607875e+01,3.343625e+01,5.574200e+01,-1.243183e+01
2.974400e+01,3.457000e+01,4.980000e+01,-8.796224e+00
5.206525e+01,4.356000e+01,2.603000e+01,2.288072e+00
2.787875e+01,4.470550e+01,3.805575e+01,-1.132647e+01
2.583050e+01,4.078650e+01,3.745000e+01,-4.448962e+00
2.526850e+01,4.177975e+01,4.446475e+01,-3.056414e+00
4.774425e+01,5.493650e+01,3.847825e+01,-1.763044e+01
2.721200e+01,3.199100e+01,6.142100e+01,-7.574948e+00
5.738725e+01,5.604050e+01,3.736550e+01,-1.200793e+01
5.987050e+01,5.545650e+01,3.441800e+01,-4.022041e+00
2.872025e+01,3.189150e+01,5.611200e+01,-1.728249e+01
4.756575e+01,5.104800e+01,4.424175e+01,-6.612357e+00
3.766450e+01,4.422025e+01,3.986400e+01,-7.814214e+00
2.762575e+01,4.611375e+01,3.777000e+01,-2.308158e+01
2.749575e+01,2.898650e+01,4.127975e+01,-5.307139e+00
4.838450e+01,4.777150e+01,4.506775e+01,-1.722143e+01
5.563450e+01,5.225300e+01,4.021700e+01,-4.763164e+00
4.409500e+01,4.791325e+01,3.772550e+01,-6.301133e+00
5.251300e+01,5.442575e+01,2.680975e+01,-5.445116e+00
3.219225e+01,2.885250e+01,5.065825e+01,-7.237257e+00
3.794000e+01,3.476900e+01,3.457900e+01,-1.452751e+01
3.487250e+01,3.709325e+01,4.122875e+01,-5.685525e+00
5.519250e+01,6.127850e+01,3.438025e+01,-8.323913e+00
5.540000e+01,5.186475e+01,2.307150e+01,-1.352864e+01
3.105200e+01,3.972250e+01,4.725425e+01,-5.785639e+00
5.329025e+01,5.059050e+01,4.652650e+01,-4.286097e+00
5.416800e+01,5.714700e+01,3.372425e+01,-5.149201e+00
2.857350e+01,3.880550e+01,4.664300e+01,-7.318780e+00
4.078050e+01,4.086600e+01,3.918450e+01,-5.541815e+00
3.046900e+01,2.520900e+01,5.665175e+01,-2.355361e+00
4.451650e+01,5.507675e+01,4.208800e+01,-9.809292e+00
3.206200e+01,2.493950e+01,5.785275e+01,-3.807167e+00
2.894500e+01,3.934225e+01,3.006950e+01,-1.935430e+01
2.431425e+01,4.239225e+01,4.377725e+01,-2.744931e+00
2.730525e+01,3.393175e+01,4.928725e+01,-1.900494e+00
3.785100e+01,4.146825e+01,4.214300e+01,-7.176246e+00
5.760550e+01,5.961925e+01,3.320300e+01,6.016117e-02
3.856025e+01,4.972625e+01,3.961675e+01,-6.282945e+00
3.934200e+01,4.097900e+01,3.348650e+01,-1.904890e+01
4.627950e+01,5.507525e+01,3.848375e+01,-1.596138e+01
5.264175e+01,4.858775e+01,2.974450e+01,-2.065644e+00
2.750425e+01,4.719550e+01,3.956500e+01,-2.107420e+01
4.533300e+01,4.645775e+01,3.672000e+01,-5.422639e+00
3.621775e+01,3.132300e+01,3.258075e+01,-1.634327e+01
5.543475e+01,5.043300e+01,2.677075e+01,-9.060466e+00
5.267600e+01,5.733400e+01,3.584900e+01,-1.498101e+00
3.221288e+01,3.286213e+01,4.854462e+01,-2.262193e+01
3.631200e+01,4.258800e+01,3.777750e+01,-1.346764e+01
3.155075e+01,4.343075e+01,3.947100e+01,-8.953905e+00
3.057400e+01,3.355775e+01,5.545725e+01,-9.829436e+00
3.966000e+01,3.913000e+01,4.285550e+01,-6.772896e+00
5.583250e+01,4.583325e+01,2.848550e+01,3.000586e+00
3.634050e+01,3.366225e+01,3.772875e+01,-9.351125e+00
5.630975e+01,5.683325e+01,2.854450e+01,-4.360587e+00
5.833250e+01,5.555850e+01,2.785200e+01,-2.261870e+00
5.331850e+01,5.656350e+01,4.328900e+01,-4.730910e+00
3.887250e+01,3.866350e+01,3.609700e+01,-1.222201e+01
3.049350e+01,4.765750e+01,3.960575e+01,-1.992116e+01
4.983200e+01,5.119100e+01,3.976400e+01,-3.028763e+00
5.565300e+01,5.211650e+01,2.178250e+01,-1.437264e+01
5.605450e+01,5.967425e+01,4.052575e+01,-5.485894e+00
3.169600e+01,3.378500e+01,5.664575e+01,-1.170808e+01
4.235250e+01,4.916250e+01,3.764850e+01,-5.033775e+00
5.166275e+01,4.377775e+01,2.505125e+01,6.580617e+00
5.197525e+01,4.382850e+01,2.915100e+01,-1.721899e+01
3.987225e+01,4.649400e+01,4.180300e+01,-5.343699e+00
3.538400e+01,3.636275e+01,4.052600e+01,-5.352779e+00
4.488800e+01,5.698050e+01,4.122950e+01,-1.617796e+01
4.788025e+01,4.631600e+01,4.636400e+01,-2.053500e+01
5.572350e+01,5.221300e+01,3.823850e+01,-4.571347e+00
5.141150e+01,4.723100e+01,2.442525e+01,2.633216e+00
2.854625e+01,3.236250e+01,6.147025e+01,-1.329242e+01
4.533925e+01,4.623413e+01,4.522888e+01,-1.422358e+01
3.566112e+01,3.334975e+01,4.311800e+01,-6.809286e+00
2.885850e+01,3.374850e+01,5.491350e+01,-8.052727e+00
2.873500e+01,2.637300e+01,5.896775e+01,-1.254516e+00
2.529237e+01,3.854062e+01,4.433925e+01,-1.060868e+01
2.834287e+01,3.636688e+01,3.277013e+01,-1.291548e+01
3.008025e+01,3.809525e+01,4.070300e+01,-1.581255e+01
5.416250e+01,5.922900e+01,3.375150e+01,-4.146076e+00
3.359600e+01,3.236850e+01,4.157650e+01,-1.361413e+01
5.407250e+01,5.053650e+01,2.915950e+01,-9.925669e+00
3.259475e+01,3.755600e+01,2.957938e+01,-1.766373e+01
5.609700e+01,5.609350e+01,3.118900e+01,-7.132796e+00
5.702800e+01,5.965300e+01,3.539850e+01,-6.723972e+00
5.378250e+01,4.410750e+01,2.919050e+01,-5.334871e+00
3.299262e+01,3.043687e+01,3.522487e+01,-5.357776e+00
3.129100e+01,3.203600e+01,3.397925e+01,-6.902621e+00
2.926650e+01,3.457150e+01,3.646600e+01,-7.691714e+00
2.854500e+01,4.456500e+01,4.193300e+01,-6.398962e+00
3.952575e+01,4.271450e+01,3.632575e+01,-1.056276e+01
2.485900e+01,2.471600e+01,4.527950e+01,-1.872613e+01
3.138162e+01,3.476850e+01,4.826425e+01,-1.741254e+01
5.582138e+01,5.258750e+01,4.574500e+01,-3.653775e+00
2.807850e+01,3.505100e+01,5.097850e+01,-3.432061e+00
3.565125e+01,3.382525e+01,5.668400e+01,-1.389746e+01
3.763462e+01,4.680712e+01,3.825662e+01,-6.346504e+00
5.601875e+01,5.521963e+01,4.188600e+01,-7.534945e+00
2.746150e+01,2.396350e+01,4.337850e+01,-1.566429e+01
5.772487e+01,5.203025e+01,3.291387e+01,-1.930764e+00
3.807275e+01,4.784850e+01,3.788050e+01,-5.866080e+00
3.114600e+01,2.998725e+01,4.146525e+01,-6.230302e+00
2.830725e+01,3.182587e+01,5.473462e+01,-3.665231e+00
2.757500e+01,2.770862e+01,5.933387e+01,-3.875779e+00
3.787250e+01,3.243675e+01,3.508975e+01,-9.296145e+00
4.945250e+01,4.558350e+01,2.477550e+01,1.811131e+01
3.146538e+01,3.289975e+01,4.258713e+01,-4.836314e+00
3.214400e+01,3.970100e+01,3.158800e+01,-2.199216e+01
4.892100e+01,5.207475e+01,2.898175e+01,-1.765747e+01
4.495275e+01,4.200100e+01,4.073100e+01,-8.110089e+00
3.335900e+01,2.999000e+01,3.616100e+01,-3.758200e+00
2.607875e+01,2.749325e+01,5.577200e+01,-7.706226e-01
3.130412e+01,3.764775e+01,2.869387e+01,-1.018606e+01
5.085475e+01,4.989425e+01,2.524350e+01,-8.961710e+00
2.893600e+01,4.452275e+01,4.401925e+01,-7.943555e-01
5.477900e+01,5.051300e+01,3.647500e+01,-4.435313e+00
4.925425e+01,5.269975e+01,4.421175e+01,-1.201416e+01
2.880025e+01,2.660462e+01,5.575588e+01,-3.748908e-01
2.711737e+01,4.377788e+01,3.874563e+01,-6.790823e+00
2.478106e+01,3.665281e+01,4.339950e+01,-1.205528e+01
2.692450e+01,3.700300e+01,3.956025e+01,1.856908e+00
5.998775e+01,5.941938e+01,4.032362e+01,-1.227649e+01
3.134362e+01,3.543363e+01,4.355062e+01,1.109238e-01
3.155950e+01,4.515250e+01,4.333375e+01,-5.330465e+00
3.486912e+01,3.532025e+01,3.798100e+01,-3.035484e+00
2.608175e+01,3.152275e+01,5.212575e+01,-1.723850e+01
5.497250e+01,5.076850e+01,3.872600e+01,-4.455822e+00
4.449188e+01,5.451162e+01,4.060287e+01,-1.913610e+01
2.451950e+01,4.105700e+01,4.374000e+01,-4.320469e+00
3.549275e+01,3.622775e+01,3.390175e+01,-4.457839e+00
4.504037e+01,4.476300e+01,4.132625e+01,-8.013651e+00
5.364075e+01,5.537150e+01,4.202250e+01,-2.169707e+01
3.740450e+01,3.707025e+01,3.593375e+01,-1.378342e+01
3.015163e+01,2.614725e+01,4.889487e+01,-1.057557e+01
3.004875e+01,3.635925e+01,5.120075e+01,-2.016455e+01
3.215712e+01,3.520800e+01,4.762637e+01,-1.064559e+01
3.123800e+01,3.567725e+01,2.932362e+01,-7.030238e+00
3.065338e+01,3.406050e+01,3.484075e+01,-8.645333e+00
2.899537e+01,3.258275e+01,5.517850e+01,-6.942058e+00
3.990950e+01,3.865275e+01,4.050600e+01,-7.030405e+00
5.392775e+01,5.588025e+01,2.849425e+01,-1.688532e+01
3.467700e+01,3.371475e+01,5.375475e+01,-2.575444e+01
5.479650e+01,5.263350e+01,3.055625e+01,-1.531053e+01
3.115450e+01,3.421550e+01,3.860950e+01,-7.044889e+00
5.718475e+01,5.352900e+01,2.593650e+01,2.637063e+00
3.650600e+01,4.075350e+01,4.096675e+01,-8.328629e+00
2.660012e+01,4.489112e+01,3.910637e+01,-7.942806e+00
5.222550e+01,5.254950e+01,2.953300e+01,-6.587216e+00
4.555700e+01,5.579950e+01,4.196425e+01,-1.847201e+01
5.254650e+01,5.269300e+01,3.761700e+01,-6.075114e+00
2.874150e+01,3.406813e+01,3.960575e+01,-8.131345e+00
4.643625e+01,5.651925e+01,3.914387e+01,-1.890036e+01
5.246012e+01,5.469050e+01,4.845700e+01,-3.876853e+00
5.281000e+01,5.396325e+01,3.599550e+01,-4.321240e+00
5.106512e+01,5.496488e+01,4.536737e+01,-7.047437e+00
2.487650e+01,3.934069e+01,3.996100e+01,-7.892239e+00
3.222100e+01,4.274800e+01,4.610650e+01,-1.372707e+01
3.122300e+01,3.993500e+01,3.857100e+01,-1.317190e+01
5.267150e+01,6.066800e+01,3.661825e+01,-5.003641e+00
3.063950e+01,4.586575e+01,4.367175e+01,1.319873e-01
3.034825e+01,3.530425e+01,3.001575e+01,-7.131346e+00
2.954500e+01,3.367175e+01,5.575175e+01,-9.066584e+00
3.408638e+01,4.111800e+01,4.069925e+01,-7.067241e+00
3.055350e+01,3.481463e+01,6.188362e+01,-2.280565e+01
5.147925e+01,5.297763e+01,2.852938e+01,-5.479727e+00
3.944300e+01,3.966200e+01,3.763175e+01,-8.046491e+00
4.296488e+01,4.749875e+01,4.205925e+01,-1.086132e+01
2.536750e+01,4.362750e+01,4.327500e+01,-2.680628e+00
5.251150e+01,4.595275e+01,2.881300e+01,1.240871e+00
2.891775e+01,3.390625e+01,3.733750e+01,-9.137351e+00
5.428888e+01,4.842512e+01,2.685513e+01,-3.726047e+00
3.074175e+01,3.862250e+01,4.241900e+01,-7.891192e+00
3.210625e+01,3.246450e+01,5.359700e+01,-1.010566e+01
3.369700e+01,3.117350e+01,5.428725e+01,-1.813646e+01
5.177837e+01,5.360112e+01,2.342775e+01,-1.641453e+01
3.188537e+01,3.280050e+01,6.054387e+01,-9.269293e+00
4.967725e+01,5.146600e+01,2.748963e+01,-5.619175e+00
3.246588e+01,3.583738e+01,3.905500e+01,-6.096833e+00
5.544350e+01,5.273100e+01,4.927650e+01,-3.771813e+00
2.939075e+01,3.112800e+01,6.073075e+01,-9.736520e+00
3.672638e+01,4.345275e+01,3.492162e+01,-2.582515e+01
2.694050e+01,4.034600e+01,3.720000e+01,-5.964416e+00
3.047875e+01,3.590225e+01,5.392800e+01,-2.010205e+01
3.458338e+01,3.029850e+01,4.540212e+01,-1.651905e+01
2.813225e+01,3.232625e+01,3.785600e+01,-2.655535e+01
2.654550e+01,3.759087e+01,4.638437e+01,6.680816e+00
5.540150e+01,5.580513e+01,4.615087e+01,-2.347622e-01
5.034963e+01,4.604225e+01,2.404775e+01,1.394020e+01
5.021125e+01,4.468562e+01,2.687850e+01,1.776639e+01
4.910113e+01,4.673238e+01,4.438375e+01,-2.163247e+01
2.718200e+01,3.324000e+01,5.223900e+01,-7.320201e+00
2.448325e+01,3.982113e+01,4.122050e+01,-9.466820e+00
4.333550e+01,4.876550e+01,4.253100e+01,-1.692227e+01
4.376325e+01,4.128050e+01,3.949275e+01,-8.509827e+00
3.985050e+01,4.502450e+01,3.726400e+01,-9.386096e+00
5.344088e+01,5.692050e+01,4.453587e+01,-1.273147e+00
4.890050e+01,5.337875e+01,4.326788e+01,-6.908000e+00
5.622062e+01,5.242125e+01,4.715975e+01,-3.603714e+00
4.239663e+01,4.040738e+01,4.182112e+01,-6.758454e+00
2.778012e+01,4.342975e+01,4.360863e+01,-1.454255e+00
3.561338e+01,4.010775e+01,3.632613e+01,-9.925065e+00
5.648500e+01,5.272650e+01,2.907350e+01,-7.963444e+00
5.511350e+01,5.591200e+01,2.875350e+01,-9.651232e+00
4.550300e+01,5.588425e+01,3.888887e+01,-1.971772e+01
3.006700e+01,4.589350e+01,3.810675e+01,-1.390828e+01
2.558450e+01,3.002675e+01,4.246325e+01,-3.435322e+00
3.319450e+01,3.917900e+01,4.215050e+01,-8.272166e+00
5.391625e+01,5.529925e+01,3.936350e+01,-1.568124e+01
3.132212e+01,3.000238e+01,4.963862e+01,-1.122311e+01
4.799500e+01,5.166650e+01,3.958450e+01,-5.862548e+00
5.651925e+01,4.550250e+01,2.746500e+01,1.805846e+00
3.334475e+01,3.362588e+01,5.355900e+01,-1.367363e+01
3.010500e+01,3.794250e+01,4.186500e+01,-8.146825e+00
4.184900e+01,4.105975e+01,3.997100e+01,-7.337420e+00
5.604100e+01,5.254450e+01,2.261300e+01,-1.550840e+01
2.671113e+01,3.898150e+01,4.519038e+01,-6.144927e+00
3.963950e+01,3.471650e+01,3.715000e+01,-2.405855e+01
5.526138e+01,4.377987e+01,2.925925e+01,-1.121217e+00
5.495050e+01,5.093850e+01,2.498200e+01,-4.247210e+00
3.228650e+01,2.648250e+01,4.664175e+01,-5.580743e+00
4.070425e+01,4.523362e+01,4.174537e+01,-5.914808e+00
5.350025e+01,6.003950e+01,3.823750e+01,-4.973650e+00
2.593125e+01,3.355600e+01,3.983775e+01,-1.639242e+01
2.814550e+01,3.747400e+01,3.264450e+01,-1.057004e+01
2.663012e+01,3.082650e+01,5.969913e+01,-8.460637e+00
3.423225e+01,3.428000e+01,5.806725e+01,-9.803350e+00
2.557900e+01,3.256850e+01,4.659700e+01,-7.484294e+00
3.769600e+01,4.596075e+01,3.914800e+01,-5.228102e+00
2.554312e+01,2.644013e+01,5.925588e+01,-1.694433e+01
4.523313e+01,4.545350e+01,4.220125e+01,-5.506915e+00
3.319012e+01,3.773113e+01,3.184512e+01,-8.713653e+00
3.832150e+01,3.393975e+01,3.849300e+01,-1.820142e+01
5.704750e+01,5.312725e+01,3.569500e+01,-3.960749e+00
5.503550e+01,6.011300e+01,3.340850e+01,-7.426178e+00
5.174269e+01,5.332794e+01,2.693144e+01,4.352888e+00
2.537600e+01,3.000975e+01,4.352525e+01,-3.648424e+00
3.462925e+01,2.936250e+01,4.459100e+01,-1.459086e+01
5.393750e+01,5.469800e+01,3.339025e+01,-7.334168e+00
2.965925e+01,3.568800e+01,4.775800e+01,-7.796741e+00
5.538412e+01,5.428037e+01,3.836988e+01,-6.013105e+00
2.304525e+01,4.384375e+01,4.244888e+01,-5.299446e+00
3.073125e+01,2.628612e+01,4.421088e+01,-1.187715e+01
3.180300e+01,4.026800e+01,3.024550e+01,-2.305924e+01
3.406425e+01,3.565850e+01,3.993575e+01,-5.954660e+00
4.158275e+01,4.705550e+01,3.742513e+01,-6.621611e+00
5.564987e+01,5.012075e+01,3.514500e+01,-3.667601e+00
5.366000e+01,5.018900e+01,4.758650e+01,-4.621377e+00
2.659850e+01,2.809500e+01,5.291375e+01,-4.370282e+00
5.497062e+01,5.386075e+01,4.886000e+01,-3.526552e+00
4.691388e+01,4.122600e+01,3.928637e+01,-6.035153e-01
4.550800e+01,5.113625e+01,4.259700e+01,-3.399224e+00
3.155600e+01,3.392288e+01,4.957725e+01,-1.291122e+01
2.607075e+01,3.395700e+01,4.090175e+01,-6.892152e+00
3.005950e+01,2.611775e+01,4.617137e+01,-4.491424e+00
2.799813e+01,4.032775e+01,3.712025e+01,-6.626905e+00
4.249775e+01,4.520600e+01,4.249625e+01,-2.008579e+01
3.743925e+01,3.001750e+01,4.125500e+01,4.222039e+00
2.843350e+01,3.918000e+01,3.645625e+01,-1.042370e+01
2.363250e+01,4.307625e+01,3.947250e+01,-4.838208e+00
2.910500e+01,3.824900e+01,3.246612e+01,-1.081152e+01
3.143500e+01,2.961350e+01,4.863550e+01,-7.441353e+00
2.672937e+01,2.649125e+01,4.704688e+01,-4.547023e+00
5.245700e+01,5.329113e+01,3.909825e+01,-6.719274e+00
5.306400e+01,5.708475e+01,3.481525e+01,-4.111161e+00
2.395400e+01,4.468613e+01,4.284200e+01,-3.103113e+00
3.040900e+01,3.495687e+01,4.315575e+01,2.555465e-01
3.218475e+01,3.798100e+01,4.023875e+01,-9.054311e+00
2.936538e+01,3.824525e+01,4.696438e+01,-7.630412e+00
3.354462e+01,3.835213e+01,3.013012e+01,-2.054778e+01
4.356712e+01,4.672600e+01,4.287275e+01,-8.859523e+00
2.645338e+01,2.922825e+01,5.220113e+01,-5.472022e+00
4.949675e+01,5.444575e+01,4.295550e+01,-8.031056e+00
2.571300e+01,2.916525e+01,5.147500e+01,-4.416472e+00
4.809963e+01,4.753700e+01,4.186525e+01,-8.011169e+00
4.242513e+01,4.931262e+01,4.102687e+01,-1.024210e+01
5.395925e+01,5.065275e+01,3.393637e+01,-4.057125e+00
3.646575e+01,3.292800e+01,4.263750e+01,-5.600747e+00
3.223850e+01,3.258000e+01,3.204250e+01,-5.741002e+00
3.035637e+01,2.455525e+01,5.825737e+01,-2.828580e+00
2.763475e+01,2.594625e+01,5.733588e+01,-4.206945e+00
5.897950e+01,5.595950e+01,3.490125e+01,-4.964139e+00
4.134000e+01,4.081250e+01,4.383175e+01,-6.699945e+00
2.572050e+01,3.027775e+01,5.675750e+01,-6.521357e+00
3.326287e+01,3.771400e+01,3.474238e+01,-8.794057e+00
3.054450e+01,2.791300e+01,4.235175e+01,-1.266272e+01
2.959094e+01,3.375319e+01,4.316388e+01,6.942671e+00
4.102525e+01,4.184087e+01,3.848800e+01,-6.878234e+00
4.880425e+01,4.998013e+01,2.746550e+01,-5.802685e+00
3.437462e+01,3.928850e+01,3.681500e+01,-1.336249e+01
3.211787e+01,3.148450e+01,6.100700e+01,-1.307616e+01
2.396750e+01,3.262075e+01,4.463312e+01,-2.005917e+01
4.656700e+01,5.602700e+01,4.179800e+01,-1.287421e+01
4.989350e+01,5.244750e+01,4.689600e+01,-5.765452e+00
2.364687e+01,3.535800e+01,4.503088e+01,-6.460119e+00
2.514975e+01,3.160775e+01,4.622350e+01,-8.187353e+00
3.042538e+01,4.044350e+01,3.808137e+01,-9.773707e+00
4.090413e+01,4.699663e+01,4.146762e+01,-1.089369e+01
2.857637e+01,4.379563e+01,3.764062e+01,-7.089004e+00
4.404850e+01,4.182075e+01,3.797450e+01,-6.293298e+00
4.463025e+01,4.564275e+01,3.671731e+01,-4.435241e+00
4.411150e+01,5.587250e+01,4.115287e+01,-2.041099e+01
2.648650e+01,3.032700e+01,5.263050e+01,-1.164929e+01
2.775975e+01,4.458650e+01,4.111875e+01,-7.998556e+00
2.780675e+01,3.631350e+01,3.410900e+01,-1.851819e+01
2.216650e+01,2.892700e+01,5.791850e+01,-1.929588e+01
3.282225e+01,3.612962e+01,4.741638e+01,-7.601425e+00
5.252537e+01,5.103838e+01,4.764725e+01,-4.567851e+00
2.641725e+01,2.374875e+01,4.704075e+01,-2.223468e+01
5.493512e+01,5.559100e+01,3.168525e+01,-1.325844e+01
3.240975e+01,3.472800e+01,5.133175e+01,-2.204830e+01
3.394200e+01,4.140625e+01,3.960037e+01,-5.676496e+00
5.466125e+01,4.837600e+01,3.974587e+01,-4.580418e+00
3.422475e+01,3.878075e+01,4.199912e+01,-6.998111e+00
2.949488e+01,4.057437e+01,3.752950e+01,-8.059564e+00
5.694525e+01,5.643675e+01,3.201150e+01,-7.374428e+00
5.289444e+01,5.999312e+01,3.740956e+01,-4.640233e+00
2.526625e+01,2.823925e+01,4.943625e+01,-6.106440e+00
5.412525e+01,5.663800e+01,4.188475e+01,-1.202635e+01
2.999975e+01,3.690975e+01,5.358075e+01,-2.318439e+01
2.828937e+01,3.779650e+01,3.133200e+01,-8.103149e+00
3.306900e+01,3.818250e+01,3.636750e+01,-1.436442e+01
4.128625e+01,4.279812e+01,3.821488e+01,-1.205361e+01
3.857337e+01,3.920688e+01,4.239850e+01,-6.873533e+00
3.894675e+01,3.773175e+01,3.784150e+01,-1.983955e+01
2.981600e+01,2.816125e+01,6.118500e+01,-5.205535e+00
3.872138e+01,4.956838e+01,3.800600e+01,-5.618937e+00
5.748962e+01,5.763275e+01,4.423538e+01,-2.730201e+00
3.659775e+01,4.114475e+01,3.428437e+01,-1.347500e+01
2.810475e+01,3.359950e+01,4.028725e+01,-1.140062e+01
5.626275e+01,5.770888e+01,3.276188e+01,-1.439691e+00
5.522875e+01,4.386000e+01,2.637300e+01,-8.117052e+00
2.631537e+01,3.187837e+01,6.001863e+01,-7.532159e+00
4.711912e+01,5.586050e+01,3.841125e+01,-2.268287e+01
5.507275e+01,5.291525e+01,4.085625e+01,-5.886210e+00
2.999525e+01,4.479275e+01,4.679625e+01,-8.922109e+00
4.091975e+01,3.995625e+01,4.023575e+01,-6.579337e+00
3.344038e+01,3.080350e+01,3.281456e+01,-4.674097e+00
3.780600e+01,4.428550e+01,3.534800e+01,-2.208405e+01
2.737350e+01,3.506225e+01,6.053000e+01,-1.368285e+01
5.877625e+01,5.710813e+01,3.224813e+01,-3.220839e+00
4.619000e+01,4.691400e+01,3.891325e+01,-3.299815e+00
2.737800e+01,4.363200e+01,4.483900e+01,-1.617816e+00
2.352775e+01,4.311900e+01,4.064225e+01,-1.237682e+01
3.493625e+01,3.126612e+01,5.380875e+01,-2.534118e+01
2.737063e+01,2.601013e+01,5.213625e+01,-4.309413e+00
6.169837e+01,5.966975e+01,4.093337e+01,-1.547749e+01
5.447938e+01,4.997413e+01,3.496063e+01,-4.565963e+00
5.380150e+01,5.324038e+01,3.347537e+01,-6.013523e+00
5.658975e+01,5.166662e+01,3.574375e+01,-1.529638e+00
5.734562e+01,5.682988e+01,3.852975e+01,-2.432523e+00
3.171100e+01,3.300800e+01,5.216900e+01,-1.754491e+01
4.545475e+01,4.498788e+01,3.655000e+01,-5.779654e+00
4.687725e+01,5.086550e+01,3.959313e+01,-9.017621e+00
2.684487e+01,3.462400e+01,4.744837e+01,-5.712923e+00
5.711075e+01,5.990850e+01,4.305750e+01,-5.211823e+00
3.369888e+01,3.287087e+01,5.920675e+01,-7.384301e+00
4.171937e+01,4.596287e+01,3.760400e+01,-9.914064e+00
5.241900e+01,5.487075e+01,2.514513e+01,-5.414031e+00
4.668400e+01,4.576313e+01,4.622825e+01,-2.086740e+01
5.124125e+01,5.381375e+01,4.094975e+01,-7.629108e+00
2.489025e+01,3.116900e+01,4.299825e+01,-6.387265e+00
3.695075e+01,3.452250e+01,3.389100e+01,-5.595832e+00
5.054113e+01,4.381387e+01,2.526237e+01,1.362997e+01
3.592725e+01,3.056525e+01,3.419475e+01,-8.561325e+00
2.888825e+01,4.666963e+01,3.795850e+01,-1.742799e+01
5.188138e+01,5.349813e+01,2.559962e+01,-3.058630e+00
5.601575e+01,5.976075e+01,3.883250e+01,-1.997983e+00
5.348375e+01,5.422937e+01,4.936075e+01,-3.887248e+00
2.993775e+01,2.668950e+01,4.235025e+01,-1.736939e+01
4.655962e+01,5.530112e+01,4.259188e+01,-9.882718e+00
3.472213e+01,3.785462e+01,3.506663e+01,-2.367932e+01
5.675362e+01,6.146088e+01,3.545262e+01,-1.546856e+01
2.969912e+01,2.727900e+01,6.019763e+01,-1.838363e+00
2.736375e+01,3.085162e+01,5.456175e+01,-2.074506e+00
5.935050e+01,6.168637e+01,4.309050e+01,-1.743454e+01
4.604581e+01,4.270087e+01,4.055444e+01,-5.215519e+00
5.397650e+01,5.481963e+01,4.039338e+01,-1.172325e+01
3.136525e+01,3.915263e+01,3.240225e+01,-1.191729e+01
3.295162e+01,3.519050e+01,4.424313e+01,-6.037652e+00
3.563500e+01,3.289300e+01,4.171350e+01,-7.368957e+00
2.915850e+01,3.565387e+01,6.239175e+01,-2.277918e+01
5.151550e+01,5.100500e+01,4.501475e+01,-4.452565e+00
3.582200e+01,2.926250e+01,3.989100e+01,-1.241349e+01
6.071762e+01,5.480850e+01,3.206950e+01,-2.871480e+00
2.798187e+01,3.451675e+01,5.421650e+01,-8.235381e+00
3.389550e+01,3.101250e+01,4.650400e+01,-9.345740e+00
5.485487e+01,5.259325e+01,3.198025e+01,-7.628430e+00
3.732100e+01,4.299525e+01,4.101050e+01,-1.159769e+01
5.417000e+01,5.822475e+01,3.371150e+01,-3.753624e+00
5.131788e+01,5.077075e+01,4.387537e+01,-6.832788e+00
3.161750e+01,4.339300e+01,4.182150e+01,-9.515953e+00
5.639137e+01,5.083212e+01,3.418313e+01,2.414641e+00
3.471100e+01,3.432450e+01,3.163650e+01,-4.787834e+00
4.558962e+01,4.542525e+01,4.401375e+01,-9.421851e+00
2.710225e+01,3.405381e+01,3.971288e+01,-1.765577e+01
3.152600e+01,3.250375e+01,3.517425e+01,-7.224707e+00
4.700200e+01,4.378625e+01,3.847925e+01,-3.549048e+00
3.543838e+01,3.164700e+01,3.675013e+01,-9.846497e+00
4.883212e+01,5.298987e+01,3.977862e+01,-2.643995e+00
3.210700e+01,2.629150e+01,4.537900e+01,-5.982121e+00
3.148975e+01,3.854325e+01,4.326400e+01,-7.661468e+00
5.626025e+01,5.093538e+01,3.295900e+01,-7.156470e-01
5.248625e+01,5.377275e+01,2.800175e+01,-7.394110e+00
4.751575e+01,5.333350e+01,3.904200e+01,-8.773105e+00
2.715025e+01,3.431200e+01,5.333550e+01,-7.015728e+00
3.126300e+01,4.539475e+01,3.887875e+01,-1.067341e+01
4.571400e+01,4.674150e+01,4.664800e+01,-1.804162e+01
2.847738e+01,2.539500e+01,4.732712e+01,-4.458601e+00
3.208400e+01,3.253550e+01,4.151500e+01,-8.508409e+00
4.434512e+01,5.071037e+01,4.151375e+01,-1.180732e+01
5.368575e+01,5.265100e+01,2.118575e+01,-1.761127e+01
5.141025e+01,4.608413e+01,2.381200e+01,8.833717e+00
3.027075e+01,4.441638e+01,3.780163e+01,-9.365333e+00
2.553800e+01,2.962613e+01,4.604913e+01,-1.064847e+01
5.024762e+01,5.144537e+01,4.642475e+01,-6.170766e+00
5.531200e+01,5.493325e+01,2.597425e+01,-4.850473e-01
4.653387e+01,4.957300e+01,4.486937e+01,-4.566794e+00
3.116962e+01,3.195062e+01,4.135300e+01,-6.422889e+00
2.920563e+01,3.770913e+01,2.997375e+01,-1.348930e+01
5.756700e+01,5.653113e+01,2.848013e+01,-2.797018e+00
3.194475e+01,4.226275e+01,4.415700e+01,-1.314831e+01
5.878462e+01,5.295850e+01,3.302031e+01,-3.242430e+00
4.509900e+01,4.771925e+01,3.713162e+01,-6.577550e+00
4.969463e+01,4.964075e+01,3.186300e+01,-2.125131e+01
5.433075e+01,5.922300e+01,4.033563e+01,-1.266578e+01
3.587963e+01,3.238962e+01,3.239937e+01,-1.661846e+01
3.328750e+01,3.843025e+01,4.569725e+01,-6.287812e+00
2.582000e+01,2.429563e+01,4.390663e+01,-1.346493e+01
4.771475e+01,4.967075e+01,3.929350e+01,-1.984600e+01
5.309225e+01,6.035263e+01,3.467087e+01,-2.836800e+00
3.332050e+01,3.626625e+01,4.634700e+01,-6.669421e+00
3.376750e+01,3.714937e+01,4.119912e+01,-5.896693e+00
4.856250e+01,5.410150e+01,4.053663e+01,-8.105501e+00
5.252850e+01,5.267150e+01,3.622912e+01,-5.590571e+00
4.632650e+01,5.313250e+01,4.321050e+01,-6.869324e+00
3.339775e+01,2.663587e+01,5.927550e+01,-3.714351e+00
3.534450e+01,3.819900e+01,4.179450e+01,-6.850648e+00
5.520925e+01,6.066775e+01,3.728100e+01,-8.911071e+00
4.432025e+01,4.562675e+01,4.326150e+01,-8.172365e+00
4.943556e+01,5.066806e+01,4.470556e+01,-2.379160e+01
3.176438e+01,2.790837e+01,5.676387e+01,-2.456306e+00
2.685513e+01,4.013462e+01,4.501313e+01,-5.173359e+00
2.912775e+01,3.869100e+01,3.523188e+01,-1.245236e+01
3.355200e+01,3.019650e+01,3.391400e+01,-3.722561e+00
2.943887e+01,3.415563e+01,6.259613e+01,-2.282562e+01
4.050650e+01,4.122400e+01,3.734700e+01,-1.000607e+00
5.442025e+01,5.081600e+01,4.852013e+01,-4.247552e+00
5.324775e+01,4.777625e+01,4.009875e+01,-5.171390e+00
3.370250e+01,3.758000e+01,4.694950e+01,-7.217845e+00
4.903425e+01,5.271475e+01,3.004200e+01,-1.317362e+01
3.425038e+01,3.009212e+01,5.681963e+01,-6.493010e+00
6.132300e+01,6.107350e+01,4.220225e+01,-2.250958e+01
2.794500e+01,3.591488e+01,6.093962e+01,-2.283206e+01
2.861163e+01,4.475950e+01,4.504675e+01,-2.625601e+00
2.499700e+01,3.831400e+01,3.919450e+01,-5.471849e+00
3.031600e+01,3.439900e+01,3.579950e+01,-7.879948e+00
3.258638e+01,3.237800e+01,3.621025e+01,-7.234842e+00
4.845250e+01,5.554775e+01,3.966800e+01,-2.146078e+01
2.858413e+01,2.475388e+01,4.300450e+01,-7.369046e+00
3.433000e+01,2.882725e+01,4.157575e+01,-1.276253e+01
2.609212e+01,3.292650e+01,5.866400e+01,-7.075206e+00
2.543325e+01,3.052800e+01,4.003750e+01,-6.663874e+00
4.760775e+01,5.276313e+01,3.002800e+01,-1.743538e+01
3.288537e+01,4.007600e+01,3.073263e+01,-2.231152e+01
2.975019e+01,4.288644e+01,4.732556e+01,-1.437985e+01
4.377825e+01,4.530537e+01,4.225800e+01,-1.292174e+01
3.452287e+01,3.636975e+01,3.334938e+01,-3.622071e+00
2.789350e+01,3.646725e+01,4.316275e+01,-5.300213e+00
3.045225e+01,4.020400e+01,3.108900e+01,-2.654777e+01
5.933125e+01,5.470975e+01,3.501975e+01,-4.578242e+00
3.130512e+01,3.863088e+01,4.085075e+01,-1.709167e+01
3.151537e+01,4.433700e+01,3.844088e+01,-8.856661e+00
2.595038e+01,2.979838e+01,5.936000e+01,-7.321280e+00
4.755275e+01,5.637950e+01,4.053425e+01,-1.770312e+01
2.486863e+01,3.050487e+01,5.104675e+01,-6.383186e+00
2.321663e+01,2.584950e+01,5.767037e+01,-1.799535e+01
3.715913e+01,4.159812e+01,4.106425e+01,-1.181581e+01
2.626387e+01,3.293725e+01,6.071438e+01,-7.502730e+00
5.385175e+01,5.293038e+01,2.955187e+01,-9.770891e+00
3.066238e+01,2.551138e+01,6.006950e+01,-3.741297e+00
3.077425e+01,3.271625e+01,3.257175e+01,-1.524384e+01
5.122950e+01,4.897425e+01,3.006800e+01,-4.747575e+00
3.525525e+01,3.907088e+01,3.571563e+01,-1.186747e+01
5.141450e+01,5.247987e+01,3.964150e+01,-5.833689e+00
2.714112e+01,3.119663e+01,5.352938e+01,-9.436208e+00
4.975475e+01,5.344788e+01,4.092200e+01,-2.110441e+00
3.513612e+01,3.575038e+01,3.912425e+01,-2.657302e-01
5.238800e+01,5.750775e+01,3.708975e+01,-4.817467e+00
2.741787e+01,3.442800e+01,5.202063e+01,-6.524797e+00
6.153050e+01,5.772125e+01,4.202600e+01,-1.844429e+01
3.968487e+01,3.973875e+01,3.657400e+01,-8.165940e+00
5.085375e+01,4.593388e+01,2.869487e+01,-1.332798e+00
2.212350e+01,2.662213e+01,5.748937e+01,-2.218978e+01
3.414775e+01,3.496075e+01,3.737450e+01,-1.439269e+01
3.625862e+01,3.236575e+01,3.737650e+01,-8.565907e+00
5.630375e+01,5.980563e+01,4.154525e+01,-4.871367e+00
5.305700e+01,5.075062e+01,2.989700e+01,-4.326761e+00
5.031387e+01,4.814312e+01,2.942750e+01,-4.040967e+00
5.579800e+01,4.304488e+01,2.830338e+01,5.144745e+00
5.324375e+01,4.306813e+01,2.872337e+01,-1.163216e+01
3.453212e+01,4.009600e+01,4.146037e+01,-6.151620e+00
3.234387e+01,2.793238e+01,6.065275e+01,-2.444834e+00
5.582725e+01,6.160100e+01,3.653912e+01,-1.517177e+01
3.332337e+01,3.590800e+01,3.152662e+01,-4.628604e+00
2.752225e+01,3.851588e+01,3.702887e+01,-6.938416e+00
5.726950e+01,5.788100e+01,3.759075e+01,-4.180541e-01
2.596550e+01,4.382413e+01,3.897000e+01,-6.336362e+00
2.970212e+01,3.169987e+01,3.879013e+01,-2.413200e+01
3.370300e+01,3.111075e+01,4.027225e+01,-9.738884e+00
5.224400e+01,4.834275e+01,3.961125e+01,-5.694182e+00
3.062500e+01,3.352487e+01,3.719575e+01,-7.977652e+00
2.758875e+01,3.108787e+01,3.822025e+01,-1.844763e+01
5.344400e+01,5.407300e+01,2.143025e+01,-1.682892e+01
4.551637e+01,4.922687e+01,3.999700e+01,-9.057279e+00
5.475612e+01,5.175938e+01,4.918350e+01,-3.993380e+00
5.248725e+01,5.909788e+01,3.482812e+01,-3.687832e+00
3.811950e+01,4.636912e+01,4.034413e+01,-3.647114e+00
5.775650e+01,5.434837e+01,3.552863e+01,-8.060311e+00
6.111838e+01,5.998825e+01,4.364450e+01,-1.653560e+01
3.128325e+01,4.343388e+01,4.737138e+01,-1.479338e+01
3.077075e+01,3.946337e+01,2.892000e+01,-1.949504e+01
3.802425e+01,4.862313e+01,3.876387e+01,-5.852489e+00
2.647325e+01,2.314375e+01,4.363987e+01,-1.934069e+01
2.589363e+01,2.640000e+01,4.267625e+01,-5.662985e+00
4.769212e+01,4.868738e+01,4.495900e+01,-1.153388e+01
3.450088e+01,2.918075e+01,4.603987e+01,-2.384870e+01
3.598575e+01,3.445038e+01,5.525875e+01,-2.445379e+01
2.585850e+01,3.021963e+01,4.484762e+01,-3.305299e+00
2.340000e+01,2.696325e+01,5.947750e+01,-1.635159e+01
4.461650e+01,4.876675e+01,4.512550e+01,-7.034161e+00
5.271513e+01,5.328675e+01,4.961325e+01,-4.301885e+00
5.267950e+01,5.573900e+01,4.302975e+01,-1.235936e+01
2.824750e+01,2.973600e+01,6.078400e+01,-1.602134e+01
3.134050e+01,4.497450e+01,4.663400e+01,-6.566563e+00
3.997675e+01,4.061487e+01,4.330150e+01,-6.748832e+00
5.175787e+01,5.217262e+01,4.858912e+01,-4.657903e+00
3.840525e+01,4.855775e+01,3.999625e+01,-5.877796e+00
3.928437e+01,4.385175e+01,3.669638e+01,-1.141131e+01
2.836838e+01,3.038638e+01,3.892837e+01,-2.529252e+01
2.679300e+01,4.620337e+01,3.913250e+01,-2.481332e+01
5.992650e+01,5.374475e+01,3.249675e+01,-3.109171e+00
5.362800e+01,5.784075e+01,4.400937e+01,-5.118869e+00
3.265150e+01,3.090250e+01,3.640000e+01,-2.513037e+00
3.327687e+01,2.832637e+01,5.744500e+01,-5.067931e+00
5.464500e+01,5.022900e+01,4.233537e+01,-4.023949e+00
5.420800e+01,4.581300e+01,2.879000e+01,-5.111319e-01
4.926150e+01,4.863162e+01,3.021800e+01,-6.534527e+00
3.857875e+01,3.248225e+01,3.604713e+01,-1.525856e+01
4.724600e+01,5.159400e+01,3.129500e+01,-1.920825e+01
4.848100e+01,4.550113e+01,4.377287e+01,-2.472286e+01
5.358100e+01,5.443700e+01,4.140750e+01,-1.375206e+01
2.981663e+01,3.378063e+01,3.242938e+01,-1.853573e+01
5.427800e+01,5.963762e+01,4.203187e+01,-2.068435e+01
2.488444e+01,3.012663e+01,4.664406e+01,-1.506787e+01
5.203125e+01,5.854900e+01,3.748850e+01,-5.682020e+00
2.801975e+01,4.733000e+01,3.848362e+01,-2.421913e+01
3.052638e+01,4.640700e+01,4.581862e+01,-1.560617e+00
3.136750e+01,2.867137e+01,6.122925e+01,-4.905392e+00
5.224000e+01,5.182150e+01,2.269500e+01,-1.473480e+01
3.180769e+01,3.425519e+01,4.353856e+01,-4.022424e-01
3.617450e+01,3.532037e+01,3.297200e+01,-1.440977e+00
3.245175e+01,3.584700e+01,2.986125e+01,-6.879365e+00
4.906875e+01,4.533250e+01,2.659900e+01,5.762529e+00
3.338612e+01,3.908900e+01,3.124162e+01,-2.217803e+01
2.351500e+01,4.199200e+01,3.952500e+01,-6.934065e+00
4.008575e+01,3.496187e+01,3.587275e+01,-2.203414e+01
2.906213e+01,3.538388e+01,5.098812e+01,-1.144005e+01
5.387675e+01,5.435475e+01,2.965825e+01,-1.688836e+01
2.412006e+01,4.070094e+01,4.261056e+01,-7.843374e+00
5.292550e+01,4.468475e+01,2.932975e+01,-8.681241e+00
4.526550e+01,4.759350e+01,4.574650e+01,-1.616870e+01
4.614663e+01,4.782350e+01,4.673650e+01,-2.161790e+01
6.062775e+01,5.874775e+01,4.368100e+01,-1.117428e+01
3.161150e+01,4.637450e+01,4.476375e+01,-2.319172e+00
5.276075e+01,4.454875e+01,2.540875e+01,8.321769e+00
5.352763e+01,5.179037e+01,2.949788e+01,-5.304438e+00
5.425263e+01,5.972312e+01,3.906800e+01,-5.254099e+00
5.121700e+01,5.028850e+01,3.126850e+01,-1.352305e+01
3.990100e+01,4.193731e+01,4.339019e+01,-6.723429e+00
5.352950e+01,5.886350e+01,4.164000e+01,-1.808427e+01
2.410350e+01,2.863962e+01,5.563412e+01,-7.255352e+00
5.339950e+01,4.935450e+01,2.923325e+01,-3.377288e+00
3.519863e+01,3.102925e+01,4.451750e+01,-1.006201e+01
2.653250e+01,4.205600e+01,4.493350e+01,-4.066908e+00
4.448100e+01,4.304400e+01,4.111037e+01,-1.821472e+01
2.545450e+01,2.566613e+01,5.810925e+01,-1.997636e+01
3.306925e+01,2.872800e+01,4.055325e+01,-4.904865e+00
2.556100e+01,2.533713e+01,4.440987e+01,-1.429144e+01
2.966075e+01,3.485175e+01,3.954287e+01,-5.916889e+00
4.705250e+01,4.626625e+01,4.151925e+01,-4.041331e+00
2.999425e+01,3.905025e+01,3.177775e+01,-1.762504e+01
2.636187e+01,2.769325e+01,4.230738e+01,-4.193548e+00
4.566287e+01,5.174213e+01,3.974600e+01,-7.434350e+00
3.382900e+01,3.300050e+01,3.139738e+01,-5.682463e+00
2.548188e+01,2.628025e+01,4.360775e+01,-6.484495e+00
4.506587e+01,4.030862e+01,3.919738e+01,-4.238564e+00
3.106000e+01,3.365450e+01,6.245025e+01,-2.021723e+01
3.168850e+01,2.859925e+01,4.168012e+01,-6.844362e+00
5.825838e+01,5.617063e+01,4.251800e+01,-5.667175e-01
3.365063e+01,3.213562e+01,4.678250e+01,-7.474520e+00
3.134900e+01,3.167675e+01,3.278000e+01,-6.649374e+00
2.451187e+01,4.383125e+01,3.870338e+01,-4.171543e+00
2.837000e+01,3.489200e+01,3.905975e+01,-6.273275e+00
2.949825e+01,3.487025e+01,4.842975e+01,-8.389869e+00
3.269225e+01,2.864675e+01,4.208500e+01,-7.115026e+00
5.609175e+01,5.149938e+01,4.799725e+01,-3.811974e+00
2.561038e+01,3.300500e+01,3.846475e+01,-2.508030e+01
3.138325e+01,3.061887e+01,4.828550e+01,-8.055704e+00
3.796900e+01,4.022150e+01,3.401150e+01,-2.041607e+01
5.599300e+01,5.711350e+01,4.577313e+01,-2.712689e+00
3.038125e+01,2.928012e+01,4.244438e+01,-5.470618e+00
3.806262e+01,3.601600e+01,3.507538e+01,-1.509565e+01
3.738425e+01,4.746913e+01,3.946750e+01,-6.620710e+00
3.228350e+01,4.410600e+01,4.511700e+01,-7.646305e+00
4.510000e+01,4.847100e+01,3.914062e+01,-8.197232e+00
3.570250e+01,3.045725e+01,3.298325e+01,-1.612785e+01
3.825025e+01,4.276750e+01,4.248037e+01,-6.528756e+00
3.224988e+01,2.779037e+01,5.157138e+01,-4.801200e+00
3.192263e+01,4.244412e+01,3.943250e+01,-9.245715e+00
2.862950e+01,2.570250e+01,5.132600e+01,-8.078717e+00
5.368962e+01,5.043563e+01,2.455450e+01,-4.088691e+00
3.135800e+01,2.465413e+01,5.710575e+01,-4.129800e+00
3.495300e+01,3.232050e+01,3.191800e+01,-1.326289e+01
3.316275e+01,2.943575e+01,6.100675e+01,-1.558423e+01
3.516663e+01,3.213500e+01,5.833888e+01,-6.936555e+00
2.914400e+01,3.471575e+01,3.148513e+01,-7.435703e+00
2.604763e+01,2.697237e+01,5.027062e+01,-4.319887e+00
3.967063e+01,5.001562e+01,3.855513e+01,-4.729283e+00
5.453050e+01,5.548750e+01,4.783325e+01,-2.782120e+00
5.118100e+01,5.152450e+01,3.090475e+01,-1.597914e+01
3.572325e+01,3.215631e+01,5.609063e+01,-1.423259e+01
5.899638e+01,5.423525e+01,2.856737e+01,-2.029064e+00
5.289438e+01,5.452662e+01,2.360588e+01,-9.938528e+00
5.969850e+01,5.751925e+01,4.107525e+01,-7.856620e+00
4.612800e+01,4.513850e+01,4.103725e+01,-3.856850e+00
6.052450e+01,6.139000e+01,4.158450e+01,-1.764284e+01
5.228925e+01,6.038988e+01,3.557838e+01,-4.805989e+00
3.823950e+01,4.615450e+01,3.730000e+01,-7.460050e+00
3.354100e+01,3.319925e+01,4.216275e+01,-1.112067e+01
2.186700e+01,2.800600e+01,5.676150e+01,-1.747123e+01
5.388075e+01,5.533125e+01,3.804462e+01,-6.767264e+00
5.319837e+01,4.865987e+01,3.871688e+01,-5.227625e+00
2.712325e+01,4.200100e+01,3.814375e+01,-4.030755e+00
3.345100e+01,3.312625e+01,4.579075e+01,-5.621653e+00
3.525725e+01,3.402150e+01,3.725000e+01,-8.629063e+00
3.530187e+01,3.353250e+01,5.797175e+01,-8.402845e+00
3.350962e+01,3.164225e+01,6.005163e+01,-7.858918e+00
3.224150e+01,4.447038e+01,4.618200e+01,-7.873084e+00
2.687581e+01,3.425175e+01,5.849519e+01,-8.197975e+00
2.963150e+01,3.721125e+01,4.789950e+01,-8.037314e+00
2.780425e+01,2.663100e+01,5.869950e+01,-3.227808e+00
3.224750e+01,2.924400e+01,5.685900e+01,-1.752127e+00
3.189438e+01,4.106675e+01,3.912187e+01,-1.045708e+01
2.982050e+01,3.616425e+01,2.882400e+01,-6.266010e+00
3.572638e+01,3.145575e+01,5.473350e+01,-2.230342e+01
4.987700e+01,4.773063e+01,2.710250e+01,5.473819e+00
2.776787e+01,2.772000e+01,4.257675e+01,-3.256232e+00
3.174150e+01,3.777488e+01,3.506412e+01,-2.803468e+00
4.438100e+01,5.599700e+01,3.935150e+01,-1.972512e+01
4.679188e+01,4.766638e+01,3.991263e+01,-6.666357e+00
3.263725e+01,3.763313e+01,4.800075e+01,-6.906858e+00
3.703625e+01,3.228775e+01,3.389325e+01,-7.897321e+00
2.843325e+01,3.604462e+01,5.249587e+01,-2.182847e+01
4.068825e+01,4.588825e+01,3.748600e+01,-8.633416e+00
4.447237e+01,5.418775e+01,4.275675e+01,-6.995867e+00
2.588175e+01,2.882000e+01,4.534075e+01,-6.865656e+00
3.155562e+01,3.656850e+01,2.887787e+01,-8.074821e+00
2.792850e+01,3.782875e+01,3.483600e+01,-2.121863e+01
3.049025e+01,3.908375e+01,3.560950e+01,-2.378234e+01
3.703187e+01,3.132613e+01,4.185738e+01,-3.694340e+00
5.468400e+01,5.356150e+01,3.284850e+01,-1.139559e+01
3.033700e+01,3.277513e+01,6.261525e+01,-2.553098e+01
4.679900e+01,5.132225e+01,3.011850e+01,-2.248211e+01
2.449925e+01,2.788275e+01,5.947650e+01,-1.427086e+01
4.666050e+01,5.231925e+01,3.894425e+01,-7.632612e+00
3.501500e+01,3.695137e+01,3.465750e+01,-9.336797e+00
2.720975e+01,2.180438e+01,4.500900e+01,-2.291540e+01
3.918250e+01,4.503713e+01,4.193563e+01,-2.251212e+00
3.237537e+01,3.123875e+01,3.245338e+01,-5.319518e+00
5.185025e+01,4.695325e+01,2.895000e+01,6.359498e+00
5.843725e+01,5.643600e+01,4.126850e+01,-2.916472e+00
3.212087e+01,4.535938e+01,4.422650e+01,-2.128624e+00
4.490375e+01,5.705837e+01,3.991125e+01,-2.239915e+01
5.263300e+01,5.359350e+01,2.097350e+01,-1.879107e+01
2.508650e+01,3.215425e+01,3.957150e+01,-8.623646e+00
2.926675e+01,3.245887e+01,4.035875e+01,-1.439326e+01
3.941050e+01,4.943663e+01,3.692925e+01,-6.312546e+00
3.411200e+01,2.951475e+01,4.025737e+01,-1.200730e+01
2.907212e+01,2.401775e+01,4.440525e+01,-1.034087e+01
5.130875e+01,5.581437e+01,4.324000e+01,-2.263972e+01
6.187625e+01,5.999262e+01,4.214750e+01,-1.636440e+01
6.033338e+01,5.453425e+01,3.355175e+01,-3.406021e+00
3.031075e+01,3.697775e+01,2.848550e+01,-7.104722e+00
3.474075e+01,3.089900e+01,5.575300e+01,-1.532798e+01
3.080688e+01,2.733425e+01,6.100612e+01,-2.468717e+00
3.139719e+01,2.489800e+01,5.919200e+01,-3.405884e+00
2.575000e+01,3.341362e+01,5.953787e+01,-6.896631e+00
3.605300e+01,4.261750e+01,4.019788e+01,-2.041203e+01
3.135350e+01,2.994125e+01,5.296513e+01,-7.110442e+00
2.699675e+01,3.253850e+01,5.294525e+01,-8.959504e+00
5.617700e+01,5.558200e+01,4.063900e+01,-8.901924e+00
5.471887e+01,5.048375e+01,4.719888e+01,-4.165282e+00
2.914350e+01,2.567000e+01,5.013650e+01,-7.846577e+00
2.851875e+01,2.257400e+01,4.498150e+01,-1.856784e+01
5.489100e+01,5.388075e+01,2.143937e+01,-2.201341e+01
4.892188e+01,4.853637e+01,2.897025e+01,-5.323025e+00
5.991300e+01,5.716625e+01,4.220825e+01,-6.875318e+00
2.506850e+01,2.911750e+01,5.942675e+01,-7.336678e+00
4.961650e+01,5.023450e+01,2.689900e+01,-5.512406e+00
5.933025e+01,5.496800e+01,2.979175e+01,2.254976e+00
4.402975e+01,4.882900e+01,4.374025e+01,-7.543096e+00
4.518900e+01,4.184175e+01,3.698963e+01,-5.947227e+00
5.326188e+01,5.479175e+01,3.712550e+01,-4.481156e+00
5.209050e+01,5.057500e+01,4.641100e+01,-4.757891e+00
5.596775e+01,4.455212e+01,2.853025e+01,-2.109973e+00
3.147138e+01,4.599075e+01,4.616950e+01,-3.743039e+00
3.333713e+01,3.617363e+01,4.502062e+01,-6.628588e+00
5.733900e+01,6.019225e+01,3.437963e+01,-1.549660e+00
6.061225e+01,6.191137e+01,4.288800e+01,-2.206211e+01
5.331162e+01,5.361387e+01,3.796337e+01,-5.944775e+00
3.694888e+01,3.861250e+01,4.067063e+01,-7.699183e+00
5.455000e+01,5.204188e+01,2.144800e+01,-1.923798e+01
3.132475e+01,3.199650e+01,5.274950e+01,-8.281374e+00
3.492413e+01,3.551512e+01,5.521813e+01,-2.879410e+01
5.539775e+01,5.856700e+01,3.275287e+01,-4.540749e+00
2.616788e+01,3.171988e+01,5.085425e+01,-7.493214e+00
5.175850e+01,4.508925e+01,2.885200e+01,-6.804796e+00
3.514675e+01,2.954138e+01,3.475725e+01,2.393062e+00
2.448600e+01,2.550625e+01,5.928550e+01,-2.007438e+01
5.420750e+01,5.598550e+01,3.316675e+01,-1.222365e+01
3.006012e+01,3.581063e+01,6.167100e+01,-2.753656e+01
5.264050e+01,5.818600e+01,3.427550e+01,-5.023479e+00
3.101206e+01,3.826387e+01,4.807050e+01,-6.211672e+00
3.023850e+01,4.748913e+01,4.098550e+01,-2.284542e+01
2.857475e+01,2.663525e+01,5.411925e+01,-3.442375e+00
2.930663e+01,4.763813e+01,3.942050e+01,-1.915839e+01
2.925550e+01,3.505437e+01,3.288575e+01,-9.707215e+00
2.805650e+01,2.716600e+01,5.496000e+01,-1.817319e+00
2.347113e+01,4.420088e+01,4.123650e+01,-1.687086e+01
5.462175e+01,4.689637e+01,2.817112e+01,-1.049976e+00
3.272075e+01,2.691425e+01,5.713175e+01,-3.905978e+00
3.198375e+01,2.566937e+01,5.663188e+01,-4.269177e+00
2.886250e+01,4.386625e+01,4.661650e+01,-8.565229e+00
5.412237e+01,5.484125e+01,4.879700e+01,-3.469868e+00
4.735650e+01,4.599375e+01,4.272038e+01,-1.580865e+01
5.358625e+01,5.454775e+01,2.232175e+01,-1.276452e+01
2.334275e+01,2.677450e+01,5.641800e+01,-1.156734e+01
5.464400e+01,4.276687e+01,2.862313e+01,3.140152e+00
5.080456e+01,5.460663e+01,4.640613e+01,-5.116842e+00
3.228137e+01,3.129612e+01,3.518962e+01,-5.076830e+00
3.457100e+01,3.222225e+01,5.343675e+01,-2.500346e+01
5.495125e+01,4.932075e+01,2.839000e+01,-1.731182e+01
2.862425e+01,2.695200e+01,4.259463e+01,-1.069898e+01
3.841000e+01,4.240750e+01,3.274100e+01,-2.045004e+01
2.832325e+01,2.322225e+01,4.370838e+01,-1.764026e+01
2.216975e+01,2.774175e+01,5.880812e+01,-2.629599e+01
5.846700e+01,6.084288e+01,4.183000e+01,-9.517984e+00
2.406012e+01,2.905900e+01,4.951788e+01,-3.228586e+00
3.399775e+01,3.401262e+01,4.489787e+01,-5.908047e+00
2.854550e+01,2.741887e+01,5.935188e+01,-5.360186e+00
2.582150e+01,2.766075e+01,5.981275e+01,-7.647564e+00
6.153037e+01,5.835788e+01,4.083588e+01,-2.215166e+01
3.134725e+01,2.699300e+01,4.335213e+01,-1.259114e+01
5.718637e+01,5.672550e+01,4.463675e+01,-1.947425e+00
4.612350e+01,5.360150e+01,3.918100e+01,-1.208896e+01
4.825425e+01,5.112725e+01,2.798875e+01,-7.583712e+00
5.855075e+01,5.696600e+01,4.350087e+01,-2.265073e+00
3.060075e+01,3.527550e+01,5.818050e+01,-1.616187e+01
3.304013e+01,3.378988e+01,5.891625e+01,-1.401543e+01
2.494275e+01,3.530606e+01,4.610988e+01,-7.009907e+00
5.480463e+01,4.933350e+01,3.877087e+01,-4.553209e+00
2.729175e+01,4.368550e+01,4.590400e+01,-4.560539e+00
3.446225e+01,3.211125e+01,4.099862e+01,-1.012190e+01
2.660575e+01,3.437325e+01,3.874162e+01,-1.493761e+01
4.211600e+01,4.191087e+01,3.944650e+01,-8.617772e+00
3.489025e+01,4.178150e+01,3.984775e+01,-7.594421e+00
5.295200e+01,5.361950e+01,2.900287e+01,-1.012616e+01
3.360425e+01,3.732400e+01,3.362225e+01,2.417384e-02
5.210037e+01,5.244787e+01,2.138663e+01,-2.320749e+01
3.641525e+01,4.014500e+01,3.444900e+01,-1.028421e+01
3.297450e+01,2.689125e+01,4.510525e+01,-5.895840e+00
4.582863e+01,4.787750e+01,3.847338e+01,-6.870443e+00
3.254450e+01,3.177150e+01,4.079150e+01,-9.577825e+00
4.613963e+01,4.865913e+01,4.542813e+01,-1.221783e+01
2.563000e+01,3.182450e+01,4.939325e+01,-7.464582e+00
5.817012e+01,5.352400e+01,2.722787e+01,-7.338572e-01
5.326600e+01,5.123450e+01,3.518150e+01,-4.527724e+00
3.394850e+01,3.108038e+01,5.832400e+01,-6.841738e+00
3.654025e+01,3.085850e+01,4.055700e+01,-2.143266e+00
3.059950e+01,3.697300e+01,4.854500e+01,-8.530134e+00
3.304625e+01,2.993425e+01,3.991950e+01,-6.672473e+00
3.402450e+01,3.085150e+01,3.717900e+01,-5.292496e+00
3.253244e+01,2.552650e+01,5.859950e+01,-3.057682e+00
5.204544e+01,5.365456e+01,2.441088e+01,-8.236670e+00
2.937712e+01,4.470750e+01,4.276950e+01,-4.798397e+00
2.615700e+01,4.297600e+01,4.413750e+01,-4.335939e+00
3.122650e+01,3.047100e+01,4.053800e+01,-7.222263e+00
3.224663e+01,3.421100e+01,3.719800e+01,-1.110348e+01
3.094012e+01,2.626456e+01,4.529156e+01,-7.336728e+00
3.006925e+01,3.628625e+01,4.256950e+01,-4.265783e+00
5.435800e+01,5.179537e+01,4.486662e+01,-2.723668e+00
3.060200e+01,3.514700e+01,5.032350e+01,-1.161795e+01
3.188675e+01,4.030650e+01,4.581475e+01,-3.445878e+00
5.843363e+01,5.596563e+01,2.955537e+01,4.626545e+00
3.094225e+01,3.374287e+01,4.327950e+01,1.843156e+00
5.000950e+01,5.390525e+01,4.388550e+01,-9.212459e+00
4.649794e+01,4.215100e+01,3.757900e+01,-1.835664e+00
2.732506e+01,2.567756e+01,4.287600e+01,-6.911000e+00
3.034069e+01,4.294606e+01,3.845463e+01,-7.362013e+00
2.881944e+01,3.328481e+01,4.242056e+01,4.360509e+00
2.469925e+01,3.422381e+01,4.365669e+01,-8.100252e+00
2.888550e+01,4.540650e+01,3.784350e+01,-1.855648e+01
2.539306e+01,3.944319e+01,4.365819e+01,-5.388906e+00
3.143763e+01,3.327338e+01,5.095225e+01,-1.610257e+01
2.833675e+01,3.216350e+01,5.712762e+01,-6.833691e+00
2.970450e+01,2.633600e+01,5.124700e+01,-1.112133e+01
4.958213e+01,4.892194e+01,2.741150e+01,-4.764884e+00
3.824287e+01,4.491250e+01,3.860781e+01,-3.507184e+00
3.082975e+01,2.672050e+01,4.775200e+01,-7.266657e+00
2.967450e+01,2.591500e+01,5.980313e+01,-3.668788e+00
4.072269e+01,5.002662e+01,3.880881e+01,-2.532638e+00
3.755813e+01,3.204766e+01,3.686134e+01,-1.470070e+01
3.087900e+01,3.495200e+01,3.940500e+01,-6.226681e+00
3.075256e+01,3.292881e+01,3.383288e+01,-1.427677e+01
2.794000e+01,3.649900e+01,3.544950e+01,-1.117581e+01
2.475950e+01,4.060275e+01,3.835900e+01,-5.245871e+00
5.111669e+01,4.422631e+01,2.782669e+01,-1.042411e+01
2.529031e+01,3.847450e+01,4.054841e+01,-5.534517e+00
3.735219e+01,4.330300e+01,3.775238e+01,-1.459393e+01
3.743900e+01,3.239700e+01,3.789500e+01,-1.603823e+01
2.823400e+01,3.568100e+01,4.780700e+01,-7.864739e+00
3.338162e+01,2.871950e+01,4.675887e+01,-1.096365e+01
5.991950e+01,5.992500e+01,4.401350e+01,-1.674277e+01
3.530975e+01,4.174681e+01,3.791350e+01,-9.486384e+00
2.732781e+01,4.184750e+01,4.597019e+01,-2.459419e+00
2.763894e+01,3.536850e+01,4.319694e+01,1.825156e-01
5.308325e+01,5.193675e+01,3.695500e+01,-5.406196e+00
2.979812e+01,2.619450e+01,4.719537e+01,-7.033732e+00
3.771494e+01,4.390288e+01,3.879325e+01,-1.017929e+01
3.181100e+01,2.982750e+01,5.423900e+01,-6.473288e+00
2.493437e+01,3.246500e+01,4.089462e+01,-7.368172e+00
3.248025e+01,3.421263e+01,4.659287e+01,-8.859961e+00
5.645469e+01,5.504288e+01,3.753650e+01,-7.258138e+00
5.541725e+01,5.913700e+01,4.301325e+01,-9.873819e+00
5.780494e+01,5.661694e+01,3.466131e+01,-7.526657e+00
5.916200e+01,6.034950e+01,4.052475e+01,-7.895240e+00
3.307075e+01,3.707800e+01,3.034125e+01,-1.036788e+01
2.545044e+01,3.748006e+01,4.298900e+01,-1.093425e+01
3.977963e+01,4.304750e+01,4.272081e+01,-5.888896e+00
2.577238e+01,4.271400e+01,3.831688e+01,-6.036937e+00
4.281831e+01,4.774344e+01,3.720194e+01,-6.383554e+00
3.713887e+01,3.748100e+01,3.982237e+01,-6.976274e+00
3.110437e+01,2.699156e+01,5.615969e+01,-5.921090e-01
2.873387e+01,4.159950e+01,3.788712e+01,-3.495041e+00
5.397681e+01,5.034456e+01,2.564306e+01,-3.652026e+00
3.710950e+01,4.365450e+01,3.660000e+01,-2.246860e+01
3.027106e+01,3.726006e+01,3.987981e+01,-7.739356e+00
5.530881e+01,5.047934e+01,3.385988e+01,-1.614999e+00
3.214044e+01,3.646119e+01,4.403419e+01,-3.403376e+00
5.694438e+01,5.560975e+01,4.150950e+01,-3.234752e+00
3.206437e+01,2.916387e+01,4.776487e+01,-4.769086e+00
2.783469e+01,4.287700e+01,3.822687e+01,-4.005824e+00
4.876050e+01,4.740075e+01,4.348650e+01,-1.885747e+01
2.961662e+01,3.504700e+01,3.535662e+01,-9.030394e+00
3.121669e+01,3.955194e+01,3.711100e+01,-2.152078e+01
4.481906e+01,5.320622e+01,4.048969e+01,-9.575795e+00
3.769525e+01,3.976937e+01,4.212700e+01,-7.111638e+00
2.579350e+01,2.943412e+01,5.559506e+01,-3.508235e+00
2.680112e+01,3.018425e+01,5.581425e+01,-4.802858e+00
3.150313e+01,3.130306e+01,5.384475e+01,-6.972987e+00
2.801194e+01,3.792806e+01,3.607831e+01,-6.046783e+00
5.097375e+01,4.984562e+01,3.969837e+01,-5.934846e+00
5.509037e+01,5.288988e+01,4.490875e+01,-3.605390e+00
3.249238e+01,3.345306e+01,3.153838e+01,-4.465643e+00
3.801450e+01,3.841944e+01,3.998906e+01,-8.635824e+00
3.544269e+01,2.860538e+01,4.075388e+01,-1.601832e+01
4.319912e+01,4.270562e+01,4.138844e+01,-1.177805e+01
2.814037e+01,3.278650e+01,5.402663e+01,-2.555000e+00
3.619050e+01,4.144094e+01,3.550538e+01,-1.382212e+01
3.315025e+01,4.053094e+01,4.200681e+01,-1.400695e+01
3.830950e+01,4.507187e+01,4.092700e+01,2.659215e+00
2.960813e+01,3.467625e+01,5.463587e+01,-1.153389e+01
5.052200e+01,5.477900e+01,4.254000e+01,-1.738293e+01
4.304869e+01,4.240900e+01,3.882769e+01,-1.566508e+01
2.347863e+01,2.959075e+01,5.813219e+01,-8.967679e+00
5.665794e+01,5.865356e+01,4.404344e+01,-4.630426e+00
3.012450e+01,3.600425e+01,3.999375e+01,-6.167727e+00
2.630837e+01,3.459006e+01,6.024312e+01,-7.379786e+00
5.519200e+01,5.163325e+01,3.758875e+01,-4.116067e+00
5.856275e+01,5.379469e+01,2.970613e+01,1.517292e+00
2.963006e+01,3.282281e+01,3.831069e+01,-1.168761e+01
4.687184e+01,4.548306e+01,4.366938e+01,-1.899139e+01
3.344462e+01,2.994481e+01,5.823969e+01,-5.268478e+00
2.719837e+01,3.310237e+01,3.733450e+01,-2.652690e+01
5.418625e+01,5.167263e+01,4.344275e+01,-5.079743e-02
5.753600e+01,5.476850e+01,3.653150e+01,-1.565923e+01
3.874550e+01,4.031978e+01,4.275109e+01,-6.724041e+00
5.697319e+01,5.242744e+01,3.142125e+01,-6.090251e+00
3.289162e+01,3.409369e+01,5.546206e+01,-1.954941e+01
5.366275e+01,4.299025e+01,2.756175e+01,-6.045919e+00
2.829350e+01,3.491850e+01,4.867600e+01,-7.009423e+00
3.264506e+01,4.166675e+01,3.987700e+01,-1.003631e+01
3.343175e+01,3.588575e+01,3.858013e+01,-4.002392e+00
5.320675e+01,5.032800e+01,3.825150e+01,-5.508149e+00
2.948200e+01,2.525325e+01,4.589550e+01,-5.911973e+00
3.246500e+01,3.933450e+01,4.303000e+01,-8.511805e+00
2.733969e+01,3.587731e+01,3.882731e+01,-3.605950e+00
2.575575e+01,2.284887e+01,4.495788e+01,-1.878079e+01
2.849725e+01,2.374344e+01,4.588650e+01,-1.303325e+01
5.108025e+01,4.374600e+01,2.661625e+01,6.294657e+00
3.303137e+01,3.494175e+01,5.724025e+01,-1.180953e+01
5.545663e+01,4.624975e+01,2.691400e+01,1.798511e+00
2.983488e+01,3.480400e+01,3.425325e+01,-8.073472e+00
5.191031e+01,5.106037e+01,2.442756e+01,-4.981421e+00
5.606875e+01,5.535313e+01,2.708013e+01,-6.617124e+00
3.213369e+01,2.781456e+01,4.947087e+01,-4.634519e+00
3.092144e+01,3.480881e+01,3.103156e+01,-9.646398e+00
2.619800e+01,2.787025e+01,5.444725e+01,-3.406022e+00
5.952400e+01,5.822800e+01,3.935300e+01,-4.903843e+00
5.040000e+01,5.104487e+01,4.508237e+01,-1.169090e+01
5.381638e+01,5.765994e+01,3.939025e+01,-6.813352e+00
3.058444e+01,4.664878e+01,3.884803e+01,-2.148604e+01
3.822478e+01,3.333697e+01,3.459578e+01,-9.295618e+00
3.574725e+01,3.313125e+01,5.438788e+01,-2.166850e+01
5.063188e+01,5.239750e+01,3.009850e+01,-1.027161e+01
3.946675e+01,3.856037e+01,4.172087e+01,-6.845500e+00
4.018794e+01,4.765387e+01,3.691100e+01,-5.586746e+00
5.206600e+01,5.117025e+01,3.881725e+01,-5.942544e+00
3.225225e+01,3.822625e+01,3.360013e+01,-7.263708e+00
3.366725e+01,2.893637e+01,4.346450e+01,-1.094755e+01
2.997356e+01,3.855056e+01,3.318506e+01,-8.107101e+00
5.223862e+01,4.996325e+01,3.083050e+01,-6.054973e+00
5.301063e+01,5.538456e+01,4.764425e+01,-2.443846e+00
3.575700e+01,2.983275e+01,4.292650e+01,-8.302958e+00
5.440237e+01,4.831462e+01,2.800425e+01,-4.380629e+00
5.494825e+01,5.509475e+01,3.010575e+01,-1.057509e+01
3.184962e+01,2.985194e+01,6.159237e+01,-2.156858e+01
2.659269e+01,3.046350e+01,3.971006e+01,-1.051231e+01
5.572375e+01,5.378762e+01,2.317125e+01,-1.139499e+01
2.616075e+01,2.765794e+01,4.833850e+01,-5.543567e+00
4.755537e+01,4.264687e+01,3.891363e+01,-4.614581e+00
4.799900e+01,5.237800e+01,4.388213e+01,-9.223668e+00
3.360525e+01,3.198712e+01,3.208975e+01,-6.412569e+00
4.623212e+01,5.431481e+01,4.320775e+01,-7.733983e+00
4.569400e+01,4.088025e+01,3.791625e+01,-1.478330e+00
5.307619e+01,5.203681e+01,4.891956e+01,-4.331028e+00
2.909019e+01,3.813956e+01,4.109825e+01,-8.755701e+00
4.684106e+01,4.911194e+01,3.952994e+01,-1.821417e+01
2.324319e+01,2.804275e+01,5.623112e+01,-1.836214e+01
5.617150e+01,6.077250e+01,3.407750e+01,-8.259641e+00
5.826844e+01,5.325937e+01,3.435206e+01,-3.595354e+00
2.779162e+01,2.983763e+01,4.015600e+01,-8.827270e+00
4.286675e+01,4.582337e+01,3.702837e+01,-7.764599e+00
2.600825e+01,4.060150e+01,4.429975e+01,-4.917165e+00
3.352750e+01,3.080138e+01,5.922713e+01,-8.439495e+00
4.836375e+01,5.091950e+01,3.207388e+01,-2.349108e+01
2.717169e+01,3.380787e+01,4.169900e+01,-4.252415e+00
5.775750e+01,5.643094e+01,3.967044e+01,-5.595665e+00
2.684437e+01,2.598100e+01,5.096037e+01,-4.314833e+00
3.587738e+01,3.263744e+01,5.706400e+01,-8.901427e+00
4.476937e+01,5.076350e+01,4.044469e+01,-8.301172e+00
2.708831e+01,4.314400e+01,4.274663e+01,-4.606645e+00
3.270212e+01,3.444694e+01,5.259219e+01,-2.176315e+01
3.016450e+01,2.977125e+01,6.078988e+01,-6.201801e+00
3.115575e+01,3.198650e+01,5.084037e+01,-1.764308e+01
3.361825e+01,3.476313e+01,5.392938e+01,-1.590347e+01
4.490325e+01,5.455013e+01,3.943937e+01,-1.513374e+01
3.234075e+01,3.343250e+01,5.974550e+01,-9.355183e+00
4.480262e+01,5.299038e+01,4.237825e+01,-7.017271e+00
2.991094e+01,2.576081e+01,4.471963e+01,-5.647042e+00
3.635100e+01,3.931688e+01,4.147288e+01,-7.130405e+00
2.850500e+01,3.689988e+01,3.982613e+01,-4.027909e+00
2.514706e+01,4.185106e+01,3.801812e+01,-5.530238e+00
2.780275e+01,3.118500e+01,6.089125e+01,-8.488613e+00
5.268438e+01,4.618962e+01,2.466600e+01,7.597419e+00
4.633975e+01,5.197319e+01,4.355200e+01,-5.177319e+00
2.667563e+01,3.356788e+01,4.848675e+01,-4.666302e+00
5.635875e+01,5.557675e+01,3.845350e+01,-7.760471e+00
2.336463e+01,2.583481e+01,5.901975e+01,-1.885099e+01
4.813025e+01,5.431850e+01,4.288475e+01,-7.560130e+00
5.510300e+01,5.129675e+01,4.131100e+01,-4.378830e+00
4.925900e+01,4.471813e+01,2.568800e+01,1.586347e+01
5.842525e+01,5.742762e+01,3.932238e+01,-4.734022e+00
3.152025e+01,3.395637e+01,6.037850e+01,-1.631949e+01
2.513669e+01,3.256975e+01,4.267894e+01,-9.159821e+00
2.963350e+01,4.557637e+01,4.376463e+01,-1.579449e+00
4.307325e+01,4.914075e+01,3.888300e+01,-4.702352e+00
3.286650e+01,3.731025e+01,4.495312e+01,-4.677761e+00
3.092256e+01,3.869500e+01,3.401962e+01,-6.551481e+00
4.806325e+01,4.975062e+01,2.986913e+01,-1.487917e+01
4.694394e+01,4.598475e+01,4.008725e+01,-3.760412e+00
3.290481e+01,3.505044e+01,4.597450e+01,-5.682689e+00
2.557025e+01,3.083494e+01,5.794981e+01,-6.606253e+00
5.115900e+01,4.475350e+01,2.427975e+01,1.954115e+01
3.884019e+01,4.714819e+01,3.698394e+01,-6.684280e+00
4.664825e+01,4.408350e+01,3.990975e+01,-5.487583e+00
3.011300e+01,3.896669e+01,4.732325e+01,-5.604634e+00
2.758863e+01,3.894506e+01,4.595294e+01,-6.231837e+00
3.186394e+01,3.670850e+01,3.951606e+01,-6.590114e+00
2.699550e+01,3.301938e+01,5.052169e+01,-5.749950e+00
3.925675e+01,3.258700e+01,3.781025e+01,-2.468523e+01
2.416856e+01,3.682563e+01,4.486419e+01,-1.081478e+01
2.455500e+01,4.416825e+01,4.019600e+01,-8.572836e+00
2.517119e+01,3.131756e+01,4.483931e+01,-1.518038e+01
2.780088e+01,3.769769e+01,3.368788e+01,-2.448641e+01
5.405175e+01,5.294125e+01,4.938363e+01,-3.925181e+00
3.488369e+01,3.400562e+01,4.403187e+01,-4.205983e+00
4.780988e+01,5.518456e+01,4.151519e+01,-1.254979e+01
5.092713e+01,5.210613e+01,2.704181e+01,-2.440216e+00
2.903806e+01,2.887188e+01,4.220350e+01,-5.187766e+00
5.187575e+01,5.551962e+01,4.731150e+01,-4.293965e+00
2.620575e+01,3.624275e+01,4.648275e+01,-3.398593e+00
3.572006e+01,4.147481e+01,3.662119e+01,-1.058359e+01
5.899600e+01,5.706900e+01,3.357475e+01,-3.748527e+00
4.032275e+01,4.322300e+01,3.730412e+01,-1.016460e+01
5.358125e+01,5.117425e+01,4.542869e+01,-1.765669e+00
2.549944e+01,2.781800e+01,4.652262e+01,-7.864479e+00
5.719537e+01,5.711706e+01,3.680219e+01,-8.024525e+00
5.710762e+01,6.032212e+01,3.997881e+01,-4.384102e+00
5.282956e+01,5.843031e+01,3.861787e+01,-6.079872e+00
4.547138e+01,4.353863e+01,3.687013e+01,-5.667698e+00
2.841737e+01,4.575512e+01,4.103937e+01,-1.425869e+01
5.304144e+01,5.398819e+01,3.453287e+01,-3.131820e+00
2.663625e+01,2.611313e+01,5.797425e+01,-6.317308e+00
4.983481e+01,4.959044e+01,4.084363e+01,-6.336516e+00
2.605087e+01,4.433325e+01,4.043013e+01,-7.779705e+00
3.123363e+01,3.044169e+01,5.191187e+01,-9.032709e+00
2.436125e+01,3.038750e+01,4.858325e+01,-1.036733e+01
2.915791e+01,3.591341e+01,3.028881e+01,-7.390365e+00
3.280350e+01,4.230525e+01,4.236550e+01,-2.045501e+01
2.559200e+01,2.598100e+01,4.618150e+01,-9.981653e+00
5.526550e+01,5.687287e+01,3.226812e+01,-1.641755e+01
3.871575e+01,3.717594e+01,3.649462e+01,-1.276018e+01
3.091519e+01,3.571694e+01,4.815738e+01,-9.480725e+00
2.518075e+01,3.130075e+01,4.188650e+01,-6.174864e+00
3.203800e+01,3.841300e+01,3.653650e+01,-1.112512e+01
5.339863e+01,4.697563e+01,2.885988e+01,-3.353245e-01
3.600013e+01,3.350988e+01,3.296450e+01,-5.244980e+00
2.808925e+01,4.295244e+01,4.672025e+01,-4.288213e+00
2.745800e+01,3.450638e+01,3.737687e+01,-8.383693e+00
5.208312e+01,4.980238e+01,2.484369e+01,-5.415143e+00
5.611025e+01,5.425175e+01,2.524175e+01,-3.009330e+00
3.170494e+01,4.144412e+01,4.538794e+01,-1.065015e+01
3.233650e+01,2.618981e+01,6.056219e+01,-4.196411e+00
2.752375e+01,3.385756e+01,6.130175e+01,-1.377971e+01
3.695450e+01,3.616850e+01,3.413650e+01,-7.644935e+00
2.520737e+01,2.671238e+01,4.536512e+01,-6.986914e+00
5.036688e+01,4.737862e+01,2.854869e+01,-1.863263e-01
3.257138e+01,3.907406e+01,2.918981e+01,-2.625032e+01
5.505419e+01,5.079369e+01,2.877350e+01,-1.154434e+01
3.105625e+01,4.162700e+01,4.686919e+01,-1.153141e+01
3.122188e+01,4.660938e+01,4.024050e+01,-2.675940e+01
2.558900e+01,3.813981e+01,4.569981e+01,-1.249932e+01
4.135344e+01,4.815687e+01,3.702419e+01,-5.514824e+00
3.372225e+01,2.810175e+01,4.506687e+01,-1.618738e+01
3.019225e+01,4.003312e+01,3.638950e+01,-2.044182e+01
4.174244e+01,4.987044e+01,4.031250e+01,-6.632711e+00
2.373594e+01,4.372325e+01,4.373644e+01,7.015692e+00
2.739300e+01,2.887138e+01,6.009763e+01,-1.044170e+01
3.101350e+01,3.167075e+01,6.134175e+01,-1.318352e+01
3.259038e+01,3.073212e+01,5.500500e+01,-7.778446e+00
5.523862e+01,5.214756e+01,2.923431e+01,-8.222203e+00
5.783062e+01,5.981462e+01,4.392025e+01,-5.335000e+00
3.187475e+01,4.329850e+01,4.325506e+01,-1.079276e+01
2.616225e+01,3.824912e+01,3.807512e+01,-4.485751e+00
2.891931e+01,3.723144e+01,4.255050e+01,-1.158086e+01
5.468231e+01,5.256506e+01,4.204031e+01,-5.506703e+00
3.943775e+01,3.867300e+01,3.885200e+01,-8.967382e+00
2.662350e+01,2.531450e+01,4.747150e+01,-6.686915e+00
4.340144e+01,4.991181e+01,4.045969e+01,-9.695705e+00
5.228975e+01,5.582325e+01,4.443425e+01,-9.433361e+00
3.962500e+01,4.221456e+01,3.446300e+01,-2.380887e+01
3.679537e+01,3.890063e+01,3.497925e+01,-9.526925e+00
3.311475e+01,3.614125e+01,4.003850e+01,-6.006994e+00
5.461762e+01,5.841550e+01,4.484956e+01,-4.444725e+00
3.249250e+01,3.968050e+01,3.774300e+01,-1.021884e+01
5.228631e+01,5.874625e+01,3.623019e+01,-4.169547e+00
5.313444e+01,5.532037e+01,2.822237e+01,-2.495671e+01
5.516563e+01,5.484212e+01,4.708144e+01,-2.237901e+00
4.996325e+01,5.191112e+01,3.221875e+01,-2.573053e+01
2.557212e+01,2.326269e+01,4.657662e+01,-2.545664e+01
3.383537e+01,4.085563e+01,3.759625e+01,-9.003360e+00
2.764500e+01,3.688850e+01,3.688325e+01,-1.292375e+00
3.277663e+01,3.329912e+01,4.733431e+01,-1.345300e+01
3.550231e+01,4.117938e+01,4.072812e+01,-7.398206e+00
5.283125e+01,5.616050e+01,4.598238e+01,-6.603764e-01
4.630631e+01,5.688750e+01,4.049825e+01,-2.051972e+01
2.858450e+01,4.707575e+01,4.056975e+01,-1.832705e+01
6.006150e+01,5.783500e+01,4.331581e+01,-7.342042e+00
3.067063e+01,3.706200e+01,5.249863e+01,-2.942454e+01
5.750350e+01,5.500144e+01,2.701200e+01,-1.911756e+00
5.587812e+01,5.163513e+01,2.756119e+01,-3.687308e+00
2.785356e+01,3.747669e+01,4.143006e+01,-6.370681e+00
2.618125e+01,3.175625e+01,5.848500e+01,-6.890649e+00
5.321550e+01,4.788175e+01,4.143175e+01,-5.219031e+00
3.212875e+01,2.778462e+01,5.048750e+01,-7.376696e+00
3.671756e+01,3.546594e+01,3.873456e+01,4.875436e+00
5.365050e+01,5.411937e+01,3.940837e+01,-8.234349e+00
5.557263e+01,5.122563e+01,4.654888e+01,-3.798951e+00
4.207838e+01,4.451112e+01,3.746825e+01,-1.588189e+01
4.424400e+01,4.669525e+01,4.426313e+01,-8.277908e+00
5.427619e+01,6.126222e+01,3.560744e+01,-7.998282e+00
5.312056e+01,4.918706e+01,2.608594e+01,-1.263560e+00
2.998987e+01,4.043187e+01,2.999869e+01,-2.625016e+01
3.852737e+01,4.470694e+01,3.650787e+01,-9.920321e+00
3.420100e+01,3.488175e+01,5.651325e+01,-2.041766e+01
3.669650e+01,3.789875e+01,3.509975e+01,-9.217478e+00
5.529863e+01,5.382425e+01,4.407400e+01,-5.680818e+00
4.389125e+01,4.323400e+01,3.788900e+01,-1.736381e+01
3.175394e+01,2.728681e+01,4.832913e+01,-5.637996e+00
5.177287e+01,4.884950e+01,4.096981e+01,-5.720318e+00
3.967775e+01,4.951875e+01,4.012850e+01,-5.440828e+00
4.402175e+01,4.681050e+01,3.680000e+01,-6.173744e+00
3.137675e+01,3.342888e+01,3.611919e+01,-8.026076e+00
5.604288e+01,5.313744e+01,4.801169e+01,-3.513899e+00
5.586981e+01,5.249506e+01,2.520400e+01,-2.825125e+00
3.228769e+01,2.800313e+01,4.322662e+01,-7.078694e+00
3.109350e+01,3.373287e+01,5.461838e+01,-1.178420e+01
2.363750e+01,4.202750e+01,4.250450e+01,-6.041038e+00
2.817737e+01,3.548013e+01,3.575662e+01,-7.644187e+00
2.873087e+01,3.523188e+01,5.809688e+01,-9.439188e+00
5.334650e+01,5.103700e+01,2.315200e+01,-7.290376e+00
4.768812e+01,4.553825e+01,4.501519e+01,-2.421813e+01
3.007762e+01,3.230431e+01,4.211219e+01,-2.800804e+00
2.446525e+01,3.085275e+01,4.988675e+01,-1.098291e+01
4.898984e+01,4.980072e+01,4.392663e+01,-1.275140e+01
2.423900e+01,3.404150e+01,4.504775e+01,-1.120436e+01
3.443250e+01,3.251675e+01,3.681437e+01,-8.458858e+00
5.488600e+01,5.462325e+01,2.388312e+01,-6.278921e+00
3.059425e+01,4.124575e+01,3.872050e+01,-1.099458e+01
2.596763e+01,2.816613e+01,5.131375e+01,-4.938149e+00
2.831788e+01,3.444863e+01,4.278613e+01,1.836758e-01
2.619706e+01,2.985650e+01,4.131819e+01,-4.685069e+00
3.466650e+01,3.024325e+01,3.662600e+01,-5.159082e+00
5.760256e+01,5.154944e+01,3.451662e+01,-1.891979e+00
2.916287e+01,4.617400e+01,4.538475e+01,-4.679911e+00
5.469487e+01,5.406488e+01,3.136988e+01,-1.624210e+01
4.918200e+01,5.033444e+01,4.000806e+01,-7.015208e+00
5.841213e+01,5.637525e+01,3.132062e+01,9.502699e-01
5.107287e+01,5.105375e+01,4.732969e+01,-5.268861e+00
5.627188e+01,5.962025e+01,3.278075e+01,-3.258602e+00
2.645062e+01,4.372056e+01,4.201387e+01,-7.596843e+00
5.293125e+01,5.199244e+01,3.376469e+01,-6.288674e+00
5.029325e+01,5.255694e+01,4.002050e+01,-1.284697e+00
2.931925e+01,4.124700e+01,4.698725e+01,-6.566447e+00
5.130338e+01,5.338912e+01,2.235137e+01,-2.355540e+01
5.527688e+01,5.411675e+01,4.179200e+01,-1.338071e+01
3.428050e+01,3.226325e+01,4.564550e+01,-7.854058e+00
5.510094e+01,4.969300e+01,4.087444e+01,-4.325710e+00
5.335350e+01,5.072650e+01,4.388100e+01,1.771634e+00
5.708862e+01,5.755894e+01,3.515663e+01,-5.183376e+00
2.691825e+01,2.277450e+01,4.616900e+01,-2.050051e+01
2.402931e+01,2.966056e+01,4.776931e+01,-2.550446e+01
6.028581e+01,5.601175e+01,3.286225e+01,-3.101811e+00
2.877125e+01,2.569975e+01,4.917450e+01,-5.844973e+00
2.840481e+01,3.618263e+01,3.157387e+01,-7.759308e+00
3.239725e+01,3.474044e+01,3.110137e+01,-3.808912e+00
3.302450e+01,2.763875e+01,4.675513e+01,-5.153582e+00
4.929838e+01,5.367462e+01,4.180787e+01,-7.153903e+00
4.187475e+01,4.422881e+01,4.225169e+01,-1.009269e+01
2.580763e+01,3.372994e+01,4.656900e+01,-3.557021e+00
2.810456e+01,4.136294e+01,4.661119e+01,-3.795877e+00
2.986688e+01,3.360437e+01,3.896287e+01,-8.672391e+00
3.117600e+01,4.482750e+01,4.033575e+01,-1.261770e+01
4.548819e+01,4.085656e+01,4.042687e+01,-4.918468e+00
4.517425e+01,4.970700e+01,4.415725e+01,-4.648160e+00
3.284319e+01,3.904525e+01,4.414850e+01,-7.512533e+00
2.916850e+01,2.524038e+01,5.742456e+01,3.495515e-02
2.931575e+01,3.397675e+01,5.717650e+01,-9.889870e+00
5.012713e+01,5.223759e+01,2.854181e+01,-7.021525e+00
3.096613e+01,3.716100e+01,4.320463e+01,-8.148356e+00
2.411250e+01,4.090600e+01,4.094775e+01,-9.939703e+00
5.698681e+01,5.862981e+01,3.540831e+01,-6.265473e+00
5.123313e+01,5.406206e+01,4.778513e+01,-4.325109e+00
2.510950e+01,3.888650e+01,4.197400e+01,-6.594672e+00
5.001594e+01,4.631781e+01,2.750800e+01,1.155985e+01
5.295519e+01,4.759337e+01,2.540888e+01,4.250916e+00
3.311088e+01,3.389350e+01,4.331525e+01,-7.652828e+00
3.804428e+01,3.619316e+01,3.777875e+01,-9.350020e+00
3.247744e+01,3.076978e+01,4.724497e+01,-4.383302e+00
5.509734e+01,5.383528e+01,3.986675e+01,-7.495548e+00
3.236344e+01,3.879106e+01,4.122163e+01,-9.837455e+00
5.548412e+01,5.367100e+01,4.635719e+01,-3.063568e+00
5.664463e+01,5.633394e+01,2.990597e+01,-3.632190e-01
4.342181e+01,4.132178e+01,4.058975e+01,-8.307203e+00
5.796287e+01,5.915812e+01,3.864012e+01,4.804877e+00
2.969613e+01,2.650388e+01,5.331031e+01,-5.744321e+00
3.257522e+01,3.875844e+01,4.703169e+01,-2.756921e+00
5.777666e+01,5.786419e+01,3.346856e+01,-2.772462e+00
3.309238e+01,2.872650e+01,5.959444e+01,-1.751191e+00
2.569444e+01,3.476438e+01,4.223731e+01,-5.573479e+00
3.180562e+01,2.807088e+01,5.305962e+01,-5.701347e+00
2.572547e+01,3.260528e+01,4.827097e+01,-5.127582e+00
3.207875e+01,3.468978e+01,5.388306e+01,-1.621447e+01
4.863712e+01,5.246937e+01,3.124150e+01,-2.099537e+01
2.652962e+01,3.913828e+01,3.777884e+01,-4.241892e+00
3.494025e+01,3.019900e+01,3.986075e+01,-1.377614e+01
3.628519e+01,3.114588e+01,3.579462e+01,-8.198544e+00
3.225119e+01,3.086688e+01,3.392225e+01,-3.957321e+00
5.673294e+01,5.533603e+01,4.333366e+01,1.222246e+00
3.577756e+01,3.272066e+01,4.432778e+01,-6.055153e+00
5.774191e+01,5.309106e+01,2.837453e+01,-1.800019e+00
4.141903e+01,4.253778e+01,4.324584e+01,-7.215426e+00
2.747456e+01,3.324078e+01,5.773894e+01,-8.189535e+00
5.895966e+01,5.352937e+01,3.155666e+01,-3.959389e+00
3.026650e+01,3.092400e+01,4.014150e+01,-8.239637e+00
2.950831e+01,3.037894e+01,4.118481e+01,-7.009585e+00
3.162138e+01,3.593800e+01,5.192700e+01,-3.101390e+01
5.965756e+01,5.543581e+01,3.107975e+01,1.478884e+00
4.964044e+01,5.290350e+01,4.570741e+01,-6.629094e+00
2.420962e+01,3.546625e+01,4.363275e+01,-7.153161e+00
5.293587e+01,4.924188e+01,4.221200e+01,-4.836448e+00
3.932456e+01,4.000869e+01,3.492788e+01,-1.075206e+01
2.499356e+01,2.713750e+01,5.607688e+01,-7.701778e+00
3.210644e+01,3.490325e+01,5.926013e+01,-2.564337e+01
5.628250e+01,5.319250e+01,3.711200e+01,-3.933085e+00
5.673862e+01,5.964844e+01,3.724072e+01,-3.336951e+00
2.573344e+01,2.796831e+01,4.393406e+01,-2.955588e+00
5.253050e+01,5.423481e+01,4.174594e+01,-1.042616e+01
4.625988e+01,4.645206e+01,3.767144e+01,-3.663469e+00
5.430191e+01,4.562575e+01,2.520981e+01,-8.684535e-01
5.438200e+01,5.059100e+01,3.748900e+01,-4.697339e+00
4.121088e+01,3.979859e+01,4.217963e+01,-6.619170e+00
2.659025e+01,2.941616e+01,5.427059e+01,-3.774419e+00
3.014219e+01,2.635881e+01,5.560328e+01,-1.924424e+00
4.094728e+01,4.921181e+01,3.740812e+01,-2.643127e+00
2.690500e+01,2.592800e+01,4.846700e+01,-4.307559e+00
4.984831e+01,4.841000e+01,2.526047e+01,-2.087941e+01
2.746300e+01,3.141469e+01,5.674412e+01,-7.303479e+00
4.015450e+01,4.767325e+01,4.083725e+01,-6.749289e+00
5.337338e+01,5.529550e+01,2.626963e+01,-5.737802e+00
3.112084e+01,2.798075e+01,5.517397e+01,-2.074696e+00
5.037294e+01,4.936450e+01,4.210600e+01,-6.588976e+00
3.010628e+01,4.579031e+01,4.210186e+01,-9.950478e+00
4.864450e+01,4.905550e+01,4.189888e+01,-7.977259e+00
5.604766e+01,5.529266e+01,4.492634e+01,1.879465e+00
2.604403e+01,3.714406e+01,4.159494e+01,-5.893958e+00
2.661736e+01,3.240245e+01,5.156449e+01,-1.287550e+01
3.807836e+01,3.489842e+01,3.818520e+01,-1.083105e+01
5.444050e+01,5.516550e+01,2.483975e+01,-4.748706e+00
5.406732e+01,5.727504e+01,4.067794e+01,-1.281449e+01
4.168519e+01,4.586560e+01,4.208451e+01,-2.772749e+01
3.016615e+01,3.546134e+01,5.981700e+01,-1.795693e+01
